check_a	check_b	a_pass	b_pass	expected_joint	expected_verdict_class
ir-diff	verify-pages	1	1	1	JOINT_PASS
ir-diff	verify-pages	1	0	0	SHADOW_A_ONLY
ir-diff	verify-pages	0	1	0	SHADOW_B_ONLY
ir-diff	verify-pages	0	0	0	JOINT_BOTH_FAIL
ir-diff	fill-verify	1	1	1	JOINT_PASS
ir-diff	fill-verify	1	0	0	SHADOW_A_ONLY
ir-diff	fill-verify	0	1	0	SHADOW_B_ONLY
ir-diff	fill-verify	0	0	0	JOINT_BOTH_FAIL
ir-diff	layout-anomaly	1	1	1	JOINT_PASS
ir-diff	layout-anomaly	1	0	0	SHADOW_A_ONLY
ir-diff	layout-anomaly	0	1	0	SHADOW_B_ONLY
ir-diff	layout-anomaly	0	0	0	JOINT_BOTH_FAIL
ir-diff	render-diff	1	1	1	JOINT_PASS
ir-diff	render-diff	1	0	0	SHADOW_A_ONLY
ir-diff	render-diff	0	1	0	SHADOW_B_ONLY
ir-diff	render-diff	0	0	0	JOINT_BOTH_FAIL
ir-diff	dump-pages	1	1	1	JOINT_PASS
ir-diff	dump-pages	1	0	0	SHADOW_A_ONLY
ir-diff	dump-pages	0	1	0	SHADOW_B_ONLY
ir-diff	dump-pages	0	0	0	JOINT_BOTH_FAIL
ir-diff	info	1	1	1	JOINT_PASS
ir-diff	info	1	0	0	SHADOW_A_ONLY
ir-diff	info	0	1	0	SHADOW_B_ONLY
ir-diff	info	0	0	0	JOINT_BOTH_FAIL
ir-diff	inspect-hidden	1	1	1	JOINT_PASS
ir-diff	inspect-hidden	1	0	0	SHADOW_A_ONLY
ir-diff	inspect-hidden	0	1	0	SHADOW_B_ONLY
ir-diff	inspect-hidden	0	0	0	JOINT_BOTH_FAIL
ir-diff	inspect-injection	1	1	1	JOINT_PASS
ir-diff	inspect-injection	1	0	0	SHADOW_A_ONLY
ir-diff	inspect-injection	0	1	0	SHADOW_B_ONLY
ir-diff	inspect-injection	0	0	0	JOINT_BOTH_FAIL
ir-diff	inspect-unicode	1	1	1	JOINT_PASS
ir-diff	inspect-unicode	1	0	0	SHADOW_A_ONLY
ir-diff	inspect-unicode	0	1	0	SHADOW_B_ONLY
ir-diff	inspect-unicode	0	0	0	JOINT_BOTH_FAIL
ir-diff	inspect-watermark	1	1	1	JOINT_PASS
ir-diff	inspect-watermark	1	0	0	SHADOW_A_ONLY
ir-diff	inspect-watermark	0	1	0	SHADOW_B_ONLY
ir-diff	inspect-watermark	0	0	0	JOINT_BOTH_FAIL
ir-diff	replay	1	1	1	JOINT_PASS
ir-diff	replay	1	0	0	SHADOW_A_ONLY
ir-diff	replay	0	1	0	SHADOW_B_ONLY
ir-diff	replay	0	0	0	JOINT_BOTH_FAIL
ir-diff	audit	1	1	1	JOINT_PASS
ir-diff	audit	1	0	0	SHADOW_A_ONLY
ir-diff	audit	0	1	0	SHADOW_B_ONLY
ir-diff	audit	0	0	0	JOINT_BOTH_FAIL
ir-diff	lineage	1	1	1	JOINT_PASS
ir-diff	lineage	1	0	0	SHADOW_A_ONLY
ir-diff	lineage	0	1	0	SHADOW_B_ONLY
ir-diff	lineage	0	0	0	JOINT_BOTH_FAIL
ir-diff	csv-to-table-verify	1	1	1	JOINT_PASS
ir-diff	csv-to-table-verify	1	0	0	SHADOW_A_ONLY
ir-diff	csv-to-table-verify	0	1	0	SHADOW_B_ONLY
ir-diff	csv-to-table-verify	0	0	0	JOINT_BOTH_FAIL
ir-diff	sanitize-verify	1	1	1	JOINT_PASS
ir-diff	sanitize-verify	1	0	0	SHADOW_A_ONLY
ir-diff	sanitize-verify	0	1	0	SHADOW_B_ONLY
ir-diff	sanitize-verify	0	0	0	JOINT_BOTH_FAIL
verify-pages	ir-diff	1	1	1	JOINT_PASS
verify-pages	ir-diff	1	0	0	SHADOW_A_ONLY
verify-pages	ir-diff	0	1	0	SHADOW_B_ONLY
verify-pages	ir-diff	0	0	0	JOINT_BOTH_FAIL
verify-pages	fill-verify	1	1	1	JOINT_PASS
verify-pages	fill-verify	1	0	0	SHADOW_A_ONLY
verify-pages	fill-verify	0	1	0	SHADOW_B_ONLY
verify-pages	fill-verify	0	0	0	JOINT_BOTH_FAIL
verify-pages	layout-anomaly	1	1	1	JOINT_PASS
verify-pages	layout-anomaly	1	0	0	SHADOW_A_ONLY
verify-pages	layout-anomaly	0	1	0	SHADOW_B_ONLY
verify-pages	layout-anomaly	0	0	0	JOINT_BOTH_FAIL
verify-pages	render-diff	1	1	1	JOINT_PASS
verify-pages	render-diff	1	0	0	SHADOW_A_ONLY
verify-pages	render-diff	0	1	0	SHADOW_B_ONLY
verify-pages	render-diff	0	0	0	JOINT_BOTH_FAIL
verify-pages	dump-pages	1	1	1	JOINT_PASS
verify-pages	dump-pages	1	0	0	SHADOW_A_ONLY
verify-pages	dump-pages	0	1	0	SHADOW_B_ONLY
verify-pages	dump-pages	0	0	0	JOINT_BOTH_FAIL
verify-pages	info	1	1	1	JOINT_PASS
verify-pages	info	1	0	0	SHADOW_A_ONLY
verify-pages	info	0	1	0	SHADOW_B_ONLY
verify-pages	info	0	0	0	JOINT_BOTH_FAIL
verify-pages	inspect-hidden	1	1	1	JOINT_PASS
verify-pages	inspect-hidden	1	0	0	SHADOW_A_ONLY
verify-pages	inspect-hidden	0	1	0	SHADOW_B_ONLY
verify-pages	inspect-hidden	0	0	0	JOINT_BOTH_FAIL
verify-pages	inspect-injection	1	1	1	JOINT_PASS
verify-pages	inspect-injection	1	0	0	SHADOW_A_ONLY
verify-pages	inspect-injection	0	1	0	SHADOW_B_ONLY
verify-pages	inspect-injection	0	0	0	JOINT_BOTH_FAIL
verify-pages	inspect-unicode	1	1	1	JOINT_PASS
verify-pages	inspect-unicode	1	0	0	SHADOW_A_ONLY
verify-pages	inspect-unicode	0	1	0	SHADOW_B_ONLY
verify-pages	inspect-unicode	0	0	0	JOINT_BOTH_FAIL
verify-pages	inspect-watermark	1	1	1	JOINT_PASS
verify-pages	inspect-watermark	1	0	0	SHADOW_A_ONLY
verify-pages	inspect-watermark	0	1	0	SHADOW_B_ONLY
verify-pages	inspect-watermark	0	0	0	JOINT_BOTH_FAIL
verify-pages	replay	1	1	1	JOINT_PASS
verify-pages	replay	1	0	0	SHADOW_A_ONLY
verify-pages	replay	0	1	0	SHADOW_B_ONLY
verify-pages	replay	0	0	0	JOINT_BOTH_FAIL
verify-pages	audit	1	1	1	JOINT_PASS
verify-pages	audit	1	0	0	SHADOW_A_ONLY
verify-pages	audit	0	1	0	SHADOW_B_ONLY
verify-pages	audit	0	0	0	JOINT_BOTH_FAIL
verify-pages	lineage	1	1	1	JOINT_PASS
verify-pages	lineage	1	0	0	SHADOW_A_ONLY
verify-pages	lineage	0	1	0	SHADOW_B_ONLY
verify-pages	lineage	0	0	0	JOINT_BOTH_FAIL
verify-pages	csv-to-table-verify	1	1	1	JOINT_PASS
verify-pages	csv-to-table-verify	1	0	0	SHADOW_A_ONLY
verify-pages	csv-to-table-verify	0	1	0	SHADOW_B_ONLY
verify-pages	csv-to-table-verify	0	0	0	JOINT_BOTH_FAIL
verify-pages	sanitize-verify	1	1	1	JOINT_PASS
verify-pages	sanitize-verify	1	0	0	SHADOW_A_ONLY
verify-pages	sanitize-verify	0	1	0	SHADOW_B_ONLY
verify-pages	sanitize-verify	0	0	0	JOINT_BOTH_FAIL
fill-verify	ir-diff	1	1	1	JOINT_PASS
fill-verify	ir-diff	1	0	0	SHADOW_A_ONLY
fill-verify	ir-diff	0	1	0	SHADOW_B_ONLY
fill-verify	ir-diff	0	0	0	JOINT_BOTH_FAIL
fill-verify	verify-pages	1	1	1	JOINT_PASS
fill-verify	verify-pages	1	0	0	SHADOW_A_ONLY
fill-verify	verify-pages	0	1	0	SHADOW_B_ONLY
fill-verify	verify-pages	0	0	0	JOINT_BOTH_FAIL
fill-verify	layout-anomaly	1	1	1	JOINT_PASS
fill-verify	layout-anomaly	1	0	0	SHADOW_A_ONLY
fill-verify	layout-anomaly	0	1	0	SHADOW_B_ONLY
fill-verify	layout-anomaly	0	0	0	JOINT_BOTH_FAIL
fill-verify	render-diff	1	1	1	JOINT_PASS
fill-verify	render-diff	1	0	0	SHADOW_A_ONLY
fill-verify	render-diff	0	1	0	SHADOW_B_ONLY
fill-verify	render-diff	0	0	0	JOINT_BOTH_FAIL
fill-verify	dump-pages	1	1	1	JOINT_PASS
fill-verify	dump-pages	1	0	0	SHADOW_A_ONLY
fill-verify	dump-pages	0	1	0	SHADOW_B_ONLY
fill-verify	dump-pages	0	0	0	JOINT_BOTH_FAIL
fill-verify	info	1	1	1	JOINT_PASS
fill-verify	info	1	0	0	SHADOW_A_ONLY
fill-verify	info	0	1	0	SHADOW_B_ONLY
fill-verify	info	0	0	0	JOINT_BOTH_FAIL
fill-verify	inspect-hidden	1	1	1	JOINT_PASS
fill-verify	inspect-hidden	1	0	0	SHADOW_A_ONLY
fill-verify	inspect-hidden	0	1	0	SHADOW_B_ONLY
fill-verify	inspect-hidden	0	0	0	JOINT_BOTH_FAIL
fill-verify	inspect-injection	1	1	1	JOINT_PASS
fill-verify	inspect-injection	1	0	0	SHADOW_A_ONLY
fill-verify	inspect-injection	0	1	0	SHADOW_B_ONLY
fill-verify	inspect-injection	0	0	0	JOINT_BOTH_FAIL
fill-verify	inspect-unicode	1	1	1	JOINT_PASS
fill-verify	inspect-unicode	1	0	0	SHADOW_A_ONLY
fill-verify	inspect-unicode	0	1	0	SHADOW_B_ONLY
fill-verify	inspect-unicode	0	0	0	JOINT_BOTH_FAIL
fill-verify	inspect-watermark	1	1	1	JOINT_PASS
fill-verify	inspect-watermark	1	0	0	SHADOW_A_ONLY
fill-verify	inspect-watermark	0	1	0	SHADOW_B_ONLY
fill-verify	inspect-watermark	0	0	0	JOINT_BOTH_FAIL
fill-verify	replay	1	1	1	JOINT_PASS
fill-verify	replay	1	0	0	SHADOW_A_ONLY
fill-verify	replay	0	1	0	SHADOW_B_ONLY
fill-verify	replay	0	0	0	JOINT_BOTH_FAIL
fill-verify	audit	1	1	1	JOINT_PASS
fill-verify	audit	1	0	0	SHADOW_A_ONLY
fill-verify	audit	0	1	0	SHADOW_B_ONLY
fill-verify	audit	0	0	0	JOINT_BOTH_FAIL
fill-verify	lineage	1	1	1	JOINT_PASS
fill-verify	lineage	1	0	0	SHADOW_A_ONLY
fill-verify	lineage	0	1	0	SHADOW_B_ONLY
fill-verify	lineage	0	0	0	JOINT_BOTH_FAIL
fill-verify	csv-to-table-verify	1	1	1	JOINT_PASS
fill-verify	csv-to-table-verify	1	0	0	SHADOW_A_ONLY
fill-verify	csv-to-table-verify	0	1	0	SHADOW_B_ONLY
fill-verify	csv-to-table-verify	0	0	0	JOINT_BOTH_FAIL
fill-verify	sanitize-verify	1	1	1	JOINT_PASS
fill-verify	sanitize-verify	1	0	0	SHADOW_A_ONLY
fill-verify	sanitize-verify	0	1	0	SHADOW_B_ONLY
fill-verify	sanitize-verify	0	0	0	JOINT_BOTH_FAIL
layout-anomaly	ir-diff	1	1	1	JOINT_PASS
layout-anomaly	ir-diff	1	0	0	SHADOW_A_ONLY
layout-anomaly	ir-diff	0	1	0	SHADOW_B_ONLY
layout-anomaly	ir-diff	0	0	0	JOINT_BOTH_FAIL
layout-anomaly	verify-pages	1	1	1	JOINT_PASS
layout-anomaly	verify-pages	1	0	0	SHADOW_A_ONLY
layout-anomaly	verify-pages	0	1	0	SHADOW_B_ONLY
layout-anomaly	verify-pages	0	0	0	JOINT_BOTH_FAIL
layout-anomaly	fill-verify	1	1	1	JOINT_PASS
layout-anomaly	fill-verify	1	0	0	SHADOW_A_ONLY
layout-anomaly	fill-verify	0	1	0	SHADOW_B_ONLY
layout-anomaly	fill-verify	0	0	0	JOINT_BOTH_FAIL
layout-anomaly	render-diff	1	1	1	JOINT_PASS
layout-anomaly	render-diff	1	0	0	SHADOW_A_ONLY
layout-anomaly	render-diff	0	1	0	SHADOW_B_ONLY
layout-anomaly	render-diff	0	0	0	JOINT_BOTH_FAIL
layout-anomaly	dump-pages	1	1	1	JOINT_PASS
layout-anomaly	dump-pages	1	0	0	SHADOW_A_ONLY
layout-anomaly	dump-pages	0	1	0	SHADOW_B_ONLY
layout-anomaly	dump-pages	0	0	0	JOINT_BOTH_FAIL
layout-anomaly	info	1	1	1	JOINT_PASS
layout-anomaly	info	1	0	0	SHADOW_A_ONLY
layout-anomaly	info	0	1	0	SHADOW_B_ONLY
layout-anomaly	info	0	0	0	JOINT_BOTH_FAIL
layout-anomaly	inspect-hidden	1	1	1	JOINT_PASS
layout-anomaly	inspect-hidden	1	0	0	SHADOW_A_ONLY
layout-anomaly	inspect-hidden	0	1	0	SHADOW_B_ONLY
layout-anomaly	inspect-hidden	0	0	0	JOINT_BOTH_FAIL
layout-anomaly	inspect-injection	1	1	1	JOINT_PASS
layout-anomaly	inspect-injection	1	0	0	SHADOW_A_ONLY
layout-anomaly	inspect-injection	0	1	0	SHADOW_B_ONLY
layout-anomaly	inspect-injection	0	0	0	JOINT_BOTH_FAIL
layout-anomaly	inspect-unicode	1	1	1	JOINT_PASS
layout-anomaly	inspect-unicode	1	0	0	SHADOW_A_ONLY
layout-anomaly	inspect-unicode	0	1	0	SHADOW_B_ONLY
layout-anomaly	inspect-unicode	0	0	0	JOINT_BOTH_FAIL
layout-anomaly	inspect-watermark	1	1	1	JOINT_PASS
layout-anomaly	inspect-watermark	1	0	0	SHADOW_A_ONLY
layout-anomaly	inspect-watermark	0	1	0	SHADOW_B_ONLY
layout-anomaly	inspect-watermark	0	0	0	JOINT_BOTH_FAIL
layout-anomaly	replay	1	1	1	JOINT_PASS
layout-anomaly	replay	1	0	0	SHADOW_A_ONLY
layout-anomaly	replay	0	1	0	SHADOW_B_ONLY
layout-anomaly	replay	0	0	0	JOINT_BOTH_FAIL
layout-anomaly	audit	1	1	1	JOINT_PASS
layout-anomaly	audit	1	0	0	SHADOW_A_ONLY
layout-anomaly	audit	0	1	0	SHADOW_B_ONLY
layout-anomaly	audit	0	0	0	JOINT_BOTH_FAIL
layout-anomaly	lineage	1	1	1	JOINT_PASS
layout-anomaly	lineage	1	0	0	SHADOW_A_ONLY
layout-anomaly	lineage	0	1	0	SHADOW_B_ONLY
layout-anomaly	lineage	0	0	0	JOINT_BOTH_FAIL
layout-anomaly	csv-to-table-verify	1	1	1	JOINT_PASS
layout-anomaly	csv-to-table-verify	1	0	0	SHADOW_A_ONLY
layout-anomaly	csv-to-table-verify	0	1	0	SHADOW_B_ONLY
layout-anomaly	csv-to-table-verify	0	0	0	JOINT_BOTH_FAIL
layout-anomaly	sanitize-verify	1	1	1	JOINT_PASS
layout-anomaly	sanitize-verify	1	0	0	SHADOW_A_ONLY
layout-anomaly	sanitize-verify	0	1	0	SHADOW_B_ONLY
layout-anomaly	sanitize-verify	0	0	0	JOINT_BOTH_FAIL
render-diff	ir-diff	1	1	1	JOINT_PASS
render-diff	ir-diff	1	0	0	SHADOW_A_ONLY
render-diff	ir-diff	0	1	0	SHADOW_B_ONLY
render-diff	ir-diff	0	0	0	JOINT_BOTH_FAIL
render-diff	verify-pages	1	1	1	JOINT_PASS
render-diff	verify-pages	1	0	0	SHADOW_A_ONLY
render-diff	verify-pages	0	1	0	SHADOW_B_ONLY
render-diff	verify-pages	0	0	0	JOINT_BOTH_FAIL
render-diff	fill-verify	1	1	1	JOINT_PASS
render-diff	fill-verify	1	0	0	SHADOW_A_ONLY
render-diff	fill-verify	0	1	0	SHADOW_B_ONLY
render-diff	fill-verify	0	0	0	JOINT_BOTH_FAIL
render-diff	layout-anomaly	1	1	1	JOINT_PASS
render-diff	layout-anomaly	1	0	0	SHADOW_A_ONLY
render-diff	layout-anomaly	0	1	0	SHADOW_B_ONLY
render-diff	layout-anomaly	0	0	0	JOINT_BOTH_FAIL
render-diff	dump-pages	1	1	1	JOINT_PASS
render-diff	dump-pages	1	0	0	SHADOW_A_ONLY
render-diff	dump-pages	0	1	0	SHADOW_B_ONLY
render-diff	dump-pages	0	0	0	JOINT_BOTH_FAIL
render-diff	info	1	1	1	JOINT_PASS
render-diff	info	1	0	0	SHADOW_A_ONLY
render-diff	info	0	1	0	SHADOW_B_ONLY
render-diff	info	0	0	0	JOINT_BOTH_FAIL
render-diff	inspect-hidden	1	1	1	JOINT_PASS
render-diff	inspect-hidden	1	0	0	SHADOW_A_ONLY
render-diff	inspect-hidden	0	1	0	SHADOW_B_ONLY
render-diff	inspect-hidden	0	0	0	JOINT_BOTH_FAIL
render-diff	inspect-injection	1	1	1	JOINT_PASS
render-diff	inspect-injection	1	0	0	SHADOW_A_ONLY
render-diff	inspect-injection	0	1	0	SHADOW_B_ONLY
render-diff	inspect-injection	0	0	0	JOINT_BOTH_FAIL
render-diff	inspect-unicode	1	1	1	JOINT_PASS
render-diff	inspect-unicode	1	0	0	SHADOW_A_ONLY
render-diff	inspect-unicode	0	1	0	SHADOW_B_ONLY
render-diff	inspect-unicode	0	0	0	JOINT_BOTH_FAIL
render-diff	inspect-watermark	1	1	1	JOINT_PASS
render-diff	inspect-watermark	1	0	0	SHADOW_A_ONLY
render-diff	inspect-watermark	0	1	0	SHADOW_B_ONLY
render-diff	inspect-watermark	0	0	0	JOINT_BOTH_FAIL
render-diff	replay	1	1	1	JOINT_PASS
render-diff	replay	1	0	0	SHADOW_A_ONLY
render-diff	replay	0	1	0	SHADOW_B_ONLY
render-diff	replay	0	0	0	JOINT_BOTH_FAIL
render-diff	audit	1	1	1	JOINT_PASS
render-diff	audit	1	0	0	SHADOW_A_ONLY
render-diff	audit	0	1	0	SHADOW_B_ONLY
render-diff	audit	0	0	0	JOINT_BOTH_FAIL
render-diff	lineage	1	1	1	JOINT_PASS
render-diff	lineage	1	0	0	SHADOW_A_ONLY
render-diff	lineage	0	1	0	SHADOW_B_ONLY
render-diff	lineage	0	0	0	JOINT_BOTH_FAIL
render-diff	csv-to-table-verify	1	1	1	JOINT_PASS
render-diff	csv-to-table-verify	1	0	0	SHADOW_A_ONLY
render-diff	csv-to-table-verify	0	1	0	SHADOW_B_ONLY
render-diff	csv-to-table-verify	0	0	0	JOINT_BOTH_FAIL
render-diff	sanitize-verify	1	1	1	JOINT_PASS
render-diff	sanitize-verify	1	0	0	SHADOW_A_ONLY
render-diff	sanitize-verify	0	1	0	SHADOW_B_ONLY
render-diff	sanitize-verify	0	0	0	JOINT_BOTH_FAIL
dump-pages	ir-diff	1	1	1	JOINT_PASS
dump-pages	ir-diff	1	0	0	SHADOW_A_ONLY
dump-pages	ir-diff	0	1	0	SHADOW_B_ONLY
dump-pages	ir-diff	0	0	0	JOINT_BOTH_FAIL
dump-pages	verify-pages	1	1	1	JOINT_PASS
dump-pages	verify-pages	1	0	0	SHADOW_A_ONLY
dump-pages	verify-pages	0	1	0	SHADOW_B_ONLY
dump-pages	verify-pages	0	0	0	JOINT_BOTH_FAIL
dump-pages	fill-verify	1	1	1	JOINT_PASS
dump-pages	fill-verify	1	0	0	SHADOW_A_ONLY
dump-pages	fill-verify	0	1	0	SHADOW_B_ONLY
dump-pages	fill-verify	0	0	0	JOINT_BOTH_FAIL
dump-pages	layout-anomaly	1	1	1	JOINT_PASS
dump-pages	layout-anomaly	1	0	0	SHADOW_A_ONLY
dump-pages	layout-anomaly	0	1	0	SHADOW_B_ONLY
dump-pages	layout-anomaly	0	0	0	JOINT_BOTH_FAIL
dump-pages	render-diff	1	1	1	JOINT_PASS
dump-pages	render-diff	1	0	0	SHADOW_A_ONLY
dump-pages	render-diff	0	1	0	SHADOW_B_ONLY
dump-pages	render-diff	0	0	0	JOINT_BOTH_FAIL
dump-pages	info	1	1	1	JOINT_PASS
dump-pages	info	1	0	0	SHADOW_A_ONLY
dump-pages	info	0	1	0	SHADOW_B_ONLY
dump-pages	info	0	0	0	JOINT_BOTH_FAIL
dump-pages	inspect-hidden	1	1	1	JOINT_PASS
dump-pages	inspect-hidden	1	0	0	SHADOW_A_ONLY
dump-pages	inspect-hidden	0	1	0	SHADOW_B_ONLY
dump-pages	inspect-hidden	0	0	0	JOINT_BOTH_FAIL
dump-pages	inspect-injection	1	1	1	JOINT_PASS
dump-pages	inspect-injection	1	0	0	SHADOW_A_ONLY
dump-pages	inspect-injection	0	1	0	SHADOW_B_ONLY
dump-pages	inspect-injection	0	0	0	JOINT_BOTH_FAIL
dump-pages	inspect-unicode	1	1	1	JOINT_PASS
dump-pages	inspect-unicode	1	0	0	SHADOW_A_ONLY
dump-pages	inspect-unicode	0	1	0	SHADOW_B_ONLY
dump-pages	inspect-unicode	0	0	0	JOINT_BOTH_FAIL
dump-pages	inspect-watermark	1	1	1	JOINT_PASS
dump-pages	inspect-watermark	1	0	0	SHADOW_A_ONLY
dump-pages	inspect-watermark	0	1	0	SHADOW_B_ONLY
dump-pages	inspect-watermark	0	0	0	JOINT_BOTH_FAIL
dump-pages	replay	1	1	1	JOINT_PASS
dump-pages	replay	1	0	0	SHADOW_A_ONLY
dump-pages	replay	0	1	0	SHADOW_B_ONLY
dump-pages	replay	0	0	0	JOINT_BOTH_FAIL
dump-pages	audit	1	1	1	JOINT_PASS
dump-pages	audit	1	0	0	SHADOW_A_ONLY
dump-pages	audit	0	1	0	SHADOW_B_ONLY
dump-pages	audit	0	0	0	JOINT_BOTH_FAIL
dump-pages	lineage	1	1	1	JOINT_PASS
dump-pages	lineage	1	0	0	SHADOW_A_ONLY
dump-pages	lineage	0	1	0	SHADOW_B_ONLY
dump-pages	lineage	0	0	0	JOINT_BOTH_FAIL
dump-pages	csv-to-table-verify	1	1	1	JOINT_PASS
dump-pages	csv-to-table-verify	1	0	0	SHADOW_A_ONLY
dump-pages	csv-to-table-verify	0	1	0	SHADOW_B_ONLY
dump-pages	csv-to-table-verify	0	0	0	JOINT_BOTH_FAIL
dump-pages	sanitize-verify	1	1	1	JOINT_PASS
dump-pages	sanitize-verify	1	0	0	SHADOW_A_ONLY
dump-pages	sanitize-verify	0	1	0	SHADOW_B_ONLY
dump-pages	sanitize-verify	0	0	0	JOINT_BOTH_FAIL
info	ir-diff	1	1	1	JOINT_PASS
info	ir-diff	1	0	0	SHADOW_A_ONLY
info	ir-diff	0	1	0	SHADOW_B_ONLY
info	ir-diff	0	0	0	JOINT_BOTH_FAIL
info	verify-pages	1	1	1	JOINT_PASS
info	verify-pages	1	0	0	SHADOW_A_ONLY
info	verify-pages	0	1	0	SHADOW_B_ONLY
info	verify-pages	0	0	0	JOINT_BOTH_FAIL
info	fill-verify	1	1	1	JOINT_PASS
info	fill-verify	1	0	0	SHADOW_A_ONLY
info	fill-verify	0	1	0	SHADOW_B_ONLY
info	fill-verify	0	0	0	JOINT_BOTH_FAIL
info	layout-anomaly	1	1	1	JOINT_PASS
info	layout-anomaly	1	0	0	SHADOW_A_ONLY
info	layout-anomaly	0	1	0	SHADOW_B_ONLY
info	layout-anomaly	0	0	0	JOINT_BOTH_FAIL
info	render-diff	1	1	1	JOINT_PASS
info	render-diff	1	0	0	SHADOW_A_ONLY
info	render-diff	0	1	0	SHADOW_B_ONLY
info	render-diff	0	0	0	JOINT_BOTH_FAIL
info	dump-pages	1	1	1	JOINT_PASS
info	dump-pages	1	0	0	SHADOW_A_ONLY
info	dump-pages	0	1	0	SHADOW_B_ONLY
info	dump-pages	0	0	0	JOINT_BOTH_FAIL
info	inspect-hidden	1	1	1	JOINT_PASS
info	inspect-hidden	1	0	0	SHADOW_A_ONLY
info	inspect-hidden	0	1	0	SHADOW_B_ONLY
info	inspect-hidden	0	0	0	JOINT_BOTH_FAIL
info	inspect-injection	1	1	1	JOINT_PASS
info	inspect-injection	1	0	0	SHADOW_A_ONLY
info	inspect-injection	0	1	0	SHADOW_B_ONLY
info	inspect-injection	0	0	0	JOINT_BOTH_FAIL
info	inspect-unicode	1	1	1	JOINT_PASS
info	inspect-unicode	1	0	0	SHADOW_A_ONLY
info	inspect-unicode	0	1	0	SHADOW_B_ONLY
info	inspect-unicode	0	0	0	JOINT_BOTH_FAIL
info	inspect-watermark	1	1	1	JOINT_PASS
info	inspect-watermark	1	0	0	SHADOW_A_ONLY
info	inspect-watermark	0	1	0	SHADOW_B_ONLY
info	inspect-watermark	0	0	0	JOINT_BOTH_FAIL
info	replay	1	1	1	JOINT_PASS
info	replay	1	0	0	SHADOW_A_ONLY
info	replay	0	1	0	SHADOW_B_ONLY
info	replay	0	0	0	JOINT_BOTH_FAIL
info	audit	1	1	1	JOINT_PASS
info	audit	1	0	0	SHADOW_A_ONLY
info	audit	0	1	0	SHADOW_B_ONLY
info	audit	0	0	0	JOINT_BOTH_FAIL
info	lineage	1	1	1	JOINT_PASS
info	lineage	1	0	0	SHADOW_A_ONLY
info	lineage	0	1	0	SHADOW_B_ONLY
info	lineage	0	0	0	JOINT_BOTH_FAIL
info	csv-to-table-verify	1	1	1	JOINT_PASS
info	csv-to-table-verify	1	0	0	SHADOW_A_ONLY
info	csv-to-table-verify	0	1	0	SHADOW_B_ONLY
info	csv-to-table-verify	0	0	0	JOINT_BOTH_FAIL
info	sanitize-verify	1	1	1	JOINT_PASS
info	sanitize-verify	1	0	0	SHADOW_A_ONLY
info	sanitize-verify	0	1	0	SHADOW_B_ONLY
info	sanitize-verify	0	0	0	JOINT_BOTH_FAIL
inspect-hidden	ir-diff	1	1	1	JOINT_PASS
inspect-hidden	ir-diff	1	0	0	SHADOW_A_ONLY
inspect-hidden	ir-diff	0	1	0	SHADOW_B_ONLY
inspect-hidden	ir-diff	0	0	0	JOINT_BOTH_FAIL
inspect-hidden	verify-pages	1	1	1	JOINT_PASS
inspect-hidden	verify-pages	1	0	0	SHADOW_A_ONLY
inspect-hidden	verify-pages	0	1	0	SHADOW_B_ONLY
inspect-hidden	verify-pages	0	0	0	JOINT_BOTH_FAIL
inspect-hidden	fill-verify	1	1	1	JOINT_PASS
inspect-hidden	fill-verify	1	0	0	SHADOW_A_ONLY
inspect-hidden	fill-verify	0	1	0	SHADOW_B_ONLY
inspect-hidden	fill-verify	0	0	0	JOINT_BOTH_FAIL
inspect-hidden	layout-anomaly	1	1	1	JOINT_PASS
inspect-hidden	layout-anomaly	1	0	0	SHADOW_A_ONLY
inspect-hidden	layout-anomaly	0	1	0	SHADOW_B_ONLY
inspect-hidden	layout-anomaly	0	0	0	JOINT_BOTH_FAIL
inspect-hidden	render-diff	1	1	1	JOINT_PASS
inspect-hidden	render-diff	1	0	0	SHADOW_A_ONLY
inspect-hidden	render-diff	0	1	0	SHADOW_B_ONLY
inspect-hidden	render-diff	0	0	0	JOINT_BOTH_FAIL
inspect-hidden	dump-pages	1	1	1	JOINT_PASS
inspect-hidden	dump-pages	1	0	0	SHADOW_A_ONLY
inspect-hidden	dump-pages	0	1	0	SHADOW_B_ONLY
inspect-hidden	dump-pages	0	0	0	JOINT_BOTH_FAIL
inspect-hidden	info	1	1	1	JOINT_PASS
inspect-hidden	info	1	0	0	SHADOW_A_ONLY
inspect-hidden	info	0	1	0	SHADOW_B_ONLY
inspect-hidden	info	0	0	0	JOINT_BOTH_FAIL
inspect-hidden	inspect-injection	1	1	1	JOINT_PASS
inspect-hidden	inspect-injection	1	0	0	SHADOW_A_ONLY
inspect-hidden	inspect-injection	0	1	0	SHADOW_B_ONLY
inspect-hidden	inspect-injection	0	0	0	JOINT_BOTH_FAIL
inspect-hidden	inspect-unicode	1	1	1	JOINT_PASS
inspect-hidden	inspect-unicode	1	0	0	SHADOW_A_ONLY
inspect-hidden	inspect-unicode	0	1	0	SHADOW_B_ONLY
inspect-hidden	inspect-unicode	0	0	0	JOINT_BOTH_FAIL
inspect-hidden	inspect-watermark	1	1	1	JOINT_PASS
inspect-hidden	inspect-watermark	1	0	0	SHADOW_A_ONLY
inspect-hidden	inspect-watermark	0	1	0	SHADOW_B_ONLY
inspect-hidden	inspect-watermark	0	0	0	JOINT_BOTH_FAIL
inspect-hidden	replay	1	1	1	JOINT_PASS
inspect-hidden	replay	1	0	0	SHADOW_A_ONLY
inspect-hidden	replay	0	1	0	SHADOW_B_ONLY
inspect-hidden	replay	0	0	0	JOINT_BOTH_FAIL
inspect-hidden	audit	1	1	1	JOINT_PASS
inspect-hidden	audit	1	0	0	SHADOW_A_ONLY
inspect-hidden	audit	0	1	0	SHADOW_B_ONLY
inspect-hidden	audit	0	0	0	JOINT_BOTH_FAIL
inspect-hidden	lineage	1	1	1	JOINT_PASS
inspect-hidden	lineage	1	0	0	SHADOW_A_ONLY
inspect-hidden	lineage	0	1	0	SHADOW_B_ONLY
inspect-hidden	lineage	0	0	0	JOINT_BOTH_FAIL
inspect-hidden	csv-to-table-verify	1	1	1	JOINT_PASS
inspect-hidden	csv-to-table-verify	1	0	0	SHADOW_A_ONLY
inspect-hidden	csv-to-table-verify	0	1	0	SHADOW_B_ONLY
inspect-hidden	csv-to-table-verify	0	0	0	JOINT_BOTH_FAIL
inspect-hidden	sanitize-verify	1	1	1	JOINT_PASS
inspect-hidden	sanitize-verify	1	0	0	SHADOW_A_ONLY
inspect-hidden	sanitize-verify	0	1	0	SHADOW_B_ONLY
inspect-hidden	sanitize-verify	0	0	0	JOINT_BOTH_FAIL
inspect-injection	ir-diff	1	1	1	JOINT_PASS
inspect-injection	ir-diff	1	0	0	SHADOW_A_ONLY
inspect-injection	ir-diff	0	1	0	SHADOW_B_ONLY
inspect-injection	ir-diff	0	0	0	JOINT_BOTH_FAIL
inspect-injection	verify-pages	1	1	1	JOINT_PASS
inspect-injection	verify-pages	1	0	0	SHADOW_A_ONLY
inspect-injection	verify-pages	0	1	0	SHADOW_B_ONLY
inspect-injection	verify-pages	0	0	0	JOINT_BOTH_FAIL
inspect-injection	fill-verify	1	1	1	JOINT_PASS
inspect-injection	fill-verify	1	0	0	SHADOW_A_ONLY
inspect-injection	fill-verify	0	1	0	SHADOW_B_ONLY
inspect-injection	fill-verify	0	0	0	JOINT_BOTH_FAIL
inspect-injection	layout-anomaly	1	1	1	JOINT_PASS
inspect-injection	layout-anomaly	1	0	0	SHADOW_A_ONLY
inspect-injection	layout-anomaly	0	1	0	SHADOW_B_ONLY
inspect-injection	layout-anomaly	0	0	0	JOINT_BOTH_FAIL
inspect-injection	render-diff	1	1	1	JOINT_PASS
inspect-injection	render-diff	1	0	0	SHADOW_A_ONLY
inspect-injection	render-diff	0	1	0	SHADOW_B_ONLY
inspect-injection	render-diff	0	0	0	JOINT_BOTH_FAIL
inspect-injection	dump-pages	1	1	1	JOINT_PASS
inspect-injection	dump-pages	1	0	0	SHADOW_A_ONLY
inspect-injection	dump-pages	0	1	0	SHADOW_B_ONLY
inspect-injection	dump-pages	0	0	0	JOINT_BOTH_FAIL
inspect-injection	info	1	1	1	JOINT_PASS
inspect-injection	info	1	0	0	SHADOW_A_ONLY
inspect-injection	info	0	1	0	SHADOW_B_ONLY
inspect-injection	info	0	0	0	JOINT_BOTH_FAIL
inspect-injection	inspect-hidden	1	1	1	JOINT_PASS
inspect-injection	inspect-hidden	1	0	0	SHADOW_A_ONLY
inspect-injection	inspect-hidden	0	1	0	SHADOW_B_ONLY
inspect-injection	inspect-hidden	0	0	0	JOINT_BOTH_FAIL
inspect-injection	inspect-unicode	1	1	1	JOINT_PASS
inspect-injection	inspect-unicode	1	0	0	SHADOW_A_ONLY
inspect-injection	inspect-unicode	0	1	0	SHADOW_B_ONLY
inspect-injection	inspect-unicode	0	0	0	JOINT_BOTH_FAIL
inspect-injection	inspect-watermark	1	1	1	JOINT_PASS
inspect-injection	inspect-watermark	1	0	0	SHADOW_A_ONLY
inspect-injection	inspect-watermark	0	1	0	SHADOW_B_ONLY
inspect-injection	inspect-watermark	0	0	0	JOINT_BOTH_FAIL
inspect-injection	replay	1	1	1	JOINT_PASS
inspect-injection	replay	1	0	0	SHADOW_A_ONLY
inspect-injection	replay	0	1	0	SHADOW_B_ONLY
inspect-injection	replay	0	0	0	JOINT_BOTH_FAIL
inspect-injection	audit	1	1	1	JOINT_PASS
inspect-injection	audit	1	0	0	SHADOW_A_ONLY
inspect-injection	audit	0	1	0	SHADOW_B_ONLY
inspect-injection	audit	0	0	0	JOINT_BOTH_FAIL
inspect-injection	lineage	1	1	1	JOINT_PASS
inspect-injection	lineage	1	0	0	SHADOW_A_ONLY
inspect-injection	lineage	0	1	0	SHADOW_B_ONLY
inspect-injection	lineage	0	0	0	JOINT_BOTH_FAIL
inspect-injection	csv-to-table-verify	1	1	1	JOINT_PASS
inspect-injection	csv-to-table-verify	1	0	0	SHADOW_A_ONLY
inspect-injection	csv-to-table-verify	0	1	0	SHADOW_B_ONLY
inspect-injection	csv-to-table-verify	0	0	0	JOINT_BOTH_FAIL
inspect-injection	sanitize-verify	1	1	1	JOINT_PASS
inspect-injection	sanitize-verify	1	0	0	SHADOW_A_ONLY
inspect-injection	sanitize-verify	0	1	0	SHADOW_B_ONLY
inspect-injection	sanitize-verify	0	0	0	JOINT_BOTH_FAIL
inspect-unicode	ir-diff	1	1	1	JOINT_PASS
inspect-unicode	ir-diff	1	0	0	SHADOW_A_ONLY
inspect-unicode	ir-diff	0	1	0	SHADOW_B_ONLY
inspect-unicode	ir-diff	0	0	0	JOINT_BOTH_FAIL
inspect-unicode	verify-pages	1	1	1	JOINT_PASS
inspect-unicode	verify-pages	1	0	0	SHADOW_A_ONLY
inspect-unicode	verify-pages	0	1	0	SHADOW_B_ONLY
inspect-unicode	verify-pages	0	0	0	JOINT_BOTH_FAIL
inspect-unicode	fill-verify	1	1	1	JOINT_PASS
inspect-unicode	fill-verify	1	0	0	SHADOW_A_ONLY
inspect-unicode	fill-verify	0	1	0	SHADOW_B_ONLY
inspect-unicode	fill-verify	0	0	0	JOINT_BOTH_FAIL
inspect-unicode	layout-anomaly	1	1	1	JOINT_PASS
inspect-unicode	layout-anomaly	1	0	0	SHADOW_A_ONLY
inspect-unicode	layout-anomaly	0	1	0	SHADOW_B_ONLY
inspect-unicode	layout-anomaly	0	0	0	JOINT_BOTH_FAIL
inspect-unicode	render-diff	1	1	1	JOINT_PASS
inspect-unicode	render-diff	1	0	0	SHADOW_A_ONLY
inspect-unicode	render-diff	0	1	0	SHADOW_B_ONLY
inspect-unicode	render-diff	0	0	0	JOINT_BOTH_FAIL
inspect-unicode	dump-pages	1	1	1	JOINT_PASS
inspect-unicode	dump-pages	1	0	0	SHADOW_A_ONLY
inspect-unicode	dump-pages	0	1	0	SHADOW_B_ONLY
inspect-unicode	dump-pages	0	0	0	JOINT_BOTH_FAIL
inspect-unicode	info	1	1	1	JOINT_PASS
inspect-unicode	info	1	0	0	SHADOW_A_ONLY
inspect-unicode	info	0	1	0	SHADOW_B_ONLY
inspect-unicode	info	0	0	0	JOINT_BOTH_FAIL
inspect-unicode	inspect-hidden	1	1	1	JOINT_PASS
inspect-unicode	inspect-hidden	1	0	0	SHADOW_A_ONLY
inspect-unicode	inspect-hidden	0	1	0	SHADOW_B_ONLY
inspect-unicode	inspect-hidden	0	0	0	JOINT_BOTH_FAIL
inspect-unicode	inspect-injection	1	1	1	JOINT_PASS
inspect-unicode	inspect-injection	1	0	0	SHADOW_A_ONLY
inspect-unicode	inspect-injection	0	1	0	SHADOW_B_ONLY
inspect-unicode	inspect-injection	0	0	0	JOINT_BOTH_FAIL
inspect-unicode	inspect-watermark	1	1	1	JOINT_PASS
inspect-unicode	inspect-watermark	1	0	0	SHADOW_A_ONLY
inspect-unicode	inspect-watermark	0	1	0	SHADOW_B_ONLY
inspect-unicode	inspect-watermark	0	0	0	JOINT_BOTH_FAIL
inspect-unicode	replay	1	1	1	JOINT_PASS
inspect-unicode	replay	1	0	0	SHADOW_A_ONLY
inspect-unicode	replay	0	1	0	SHADOW_B_ONLY
inspect-unicode	replay	0	0	0	JOINT_BOTH_FAIL
inspect-unicode	audit	1	1	1	JOINT_PASS
inspect-unicode	audit	1	0	0	SHADOW_A_ONLY
inspect-unicode	audit	0	1	0	SHADOW_B_ONLY
inspect-unicode	audit	0	0	0	JOINT_BOTH_FAIL
inspect-unicode	lineage	1	1	1	JOINT_PASS
inspect-unicode	lineage	1	0	0	SHADOW_A_ONLY
inspect-unicode	lineage	0	1	0	SHADOW_B_ONLY
inspect-unicode	lineage	0	0	0	JOINT_BOTH_FAIL
inspect-unicode	csv-to-table-verify	1	1	1	JOINT_PASS
inspect-unicode	csv-to-table-verify	1	0	0	SHADOW_A_ONLY
inspect-unicode	csv-to-table-verify	0	1	0	SHADOW_B_ONLY
inspect-unicode	csv-to-table-verify	0	0	0	JOINT_BOTH_FAIL
inspect-unicode	sanitize-verify	1	1	1	JOINT_PASS
inspect-unicode	sanitize-verify	1	0	0	SHADOW_A_ONLY
inspect-unicode	sanitize-verify	0	1	0	SHADOW_B_ONLY
inspect-unicode	sanitize-verify	0	0	0	JOINT_BOTH_FAIL
inspect-watermark	ir-diff	1	1	1	JOINT_PASS
inspect-watermark	ir-diff	1	0	0	SHADOW_A_ONLY
inspect-watermark	ir-diff	0	1	0	SHADOW_B_ONLY
inspect-watermark	ir-diff	0	0	0	JOINT_BOTH_FAIL
inspect-watermark	verify-pages	1	1	1	JOINT_PASS
inspect-watermark	verify-pages	1	0	0	SHADOW_A_ONLY
inspect-watermark	verify-pages	0	1	0	SHADOW_B_ONLY
inspect-watermark	verify-pages	0	0	0	JOINT_BOTH_FAIL
inspect-watermark	fill-verify	1	1	1	JOINT_PASS
inspect-watermark	fill-verify	1	0	0	SHADOW_A_ONLY
inspect-watermark	fill-verify	0	1	0	SHADOW_B_ONLY
inspect-watermark	fill-verify	0	0	0	JOINT_BOTH_FAIL
inspect-watermark	layout-anomaly	1	1	1	JOINT_PASS
inspect-watermark	layout-anomaly	1	0	0	SHADOW_A_ONLY
inspect-watermark	layout-anomaly	0	1	0	SHADOW_B_ONLY
inspect-watermark	layout-anomaly	0	0	0	JOINT_BOTH_FAIL
inspect-watermark	render-diff	1	1	1	JOINT_PASS
inspect-watermark	render-diff	1	0	0	SHADOW_A_ONLY
inspect-watermark	render-diff	0	1	0	SHADOW_B_ONLY
inspect-watermark	render-diff	0	0	0	JOINT_BOTH_FAIL
inspect-watermark	dump-pages	1	1	1	JOINT_PASS
inspect-watermark	dump-pages	1	0	0	SHADOW_A_ONLY
inspect-watermark	dump-pages	0	1	0	SHADOW_B_ONLY
inspect-watermark	dump-pages	0	0	0	JOINT_BOTH_FAIL
inspect-watermark	info	1	1	1	JOINT_PASS
inspect-watermark	info	1	0	0	SHADOW_A_ONLY
inspect-watermark	info	0	1	0	SHADOW_B_ONLY
inspect-watermark	info	0	0	0	JOINT_BOTH_FAIL
inspect-watermark	inspect-hidden	1	1	1	JOINT_PASS
inspect-watermark	inspect-hidden	1	0	0	SHADOW_A_ONLY
inspect-watermark	inspect-hidden	0	1	0	SHADOW_B_ONLY
inspect-watermark	inspect-hidden	0	0	0	JOINT_BOTH_FAIL
inspect-watermark	inspect-injection	1	1	1	JOINT_PASS
inspect-watermark	inspect-injection	1	0	0	SHADOW_A_ONLY
inspect-watermark	inspect-injection	0	1	0	SHADOW_B_ONLY
inspect-watermark	inspect-injection	0	0	0	JOINT_BOTH_FAIL
inspect-watermark	inspect-unicode	1	1	1	JOINT_PASS
inspect-watermark	inspect-unicode	1	0	0	SHADOW_A_ONLY
inspect-watermark	inspect-unicode	0	1	0	SHADOW_B_ONLY
inspect-watermark	inspect-unicode	0	0	0	JOINT_BOTH_FAIL
inspect-watermark	replay	1	1	1	JOINT_PASS
inspect-watermark	replay	1	0	0	SHADOW_A_ONLY
inspect-watermark	replay	0	1	0	SHADOW_B_ONLY
inspect-watermark	replay	0	0	0	JOINT_BOTH_FAIL
inspect-watermark	audit	1	1	1	JOINT_PASS
inspect-watermark	audit	1	0	0	SHADOW_A_ONLY
inspect-watermark	audit	0	1	0	SHADOW_B_ONLY
inspect-watermark	audit	0	0	0	JOINT_BOTH_FAIL
inspect-watermark	lineage	1	1	1	JOINT_PASS
inspect-watermark	lineage	1	0	0	SHADOW_A_ONLY
inspect-watermark	lineage	0	1	0	SHADOW_B_ONLY
inspect-watermark	lineage	0	0	0	JOINT_BOTH_FAIL
inspect-watermark	csv-to-table-verify	1	1	1	JOINT_PASS
inspect-watermark	csv-to-table-verify	1	0	0	SHADOW_A_ONLY
inspect-watermark	csv-to-table-verify	0	1	0	SHADOW_B_ONLY
inspect-watermark	csv-to-table-verify	0	0	0	JOINT_BOTH_FAIL
inspect-watermark	sanitize-verify	1	1	1	JOINT_PASS
inspect-watermark	sanitize-verify	1	0	0	SHADOW_A_ONLY
inspect-watermark	sanitize-verify	0	1	0	SHADOW_B_ONLY
inspect-watermark	sanitize-verify	0	0	0	JOINT_BOTH_FAIL
replay	ir-diff	1	1	1	JOINT_PASS
replay	ir-diff	1	0	0	SHADOW_A_ONLY
replay	ir-diff	0	1	0	SHADOW_B_ONLY
replay	ir-diff	0	0	0	JOINT_BOTH_FAIL
replay	verify-pages	1	1	1	JOINT_PASS
replay	verify-pages	1	0	0	SHADOW_A_ONLY
replay	verify-pages	0	1	0	SHADOW_B_ONLY
replay	verify-pages	0	0	0	JOINT_BOTH_FAIL
replay	fill-verify	1	1	1	JOINT_PASS
replay	fill-verify	1	0	0	SHADOW_A_ONLY
replay	fill-verify	0	1	0	SHADOW_B_ONLY
replay	fill-verify	0	0	0	JOINT_BOTH_FAIL
replay	layout-anomaly	1	1	1	JOINT_PASS
replay	layout-anomaly	1	0	0	SHADOW_A_ONLY
replay	layout-anomaly	0	1	0	SHADOW_B_ONLY
replay	layout-anomaly	0	0	0	JOINT_BOTH_FAIL
replay	render-diff	1	1	1	JOINT_PASS
replay	render-diff	1	0	0	SHADOW_A_ONLY
replay	render-diff	0	1	0	SHADOW_B_ONLY
replay	render-diff	0	0	0	JOINT_BOTH_FAIL
replay	dump-pages	1	1	1	JOINT_PASS
replay	dump-pages	1	0	0	SHADOW_A_ONLY
replay	dump-pages	0	1	0	SHADOW_B_ONLY
replay	dump-pages	0	0	0	JOINT_BOTH_FAIL
replay	info	1	1	1	JOINT_PASS
replay	info	1	0	0	SHADOW_A_ONLY
replay	info	0	1	0	SHADOW_B_ONLY
replay	info	0	0	0	JOINT_BOTH_FAIL
replay	inspect-hidden	1	1	1	JOINT_PASS
replay	inspect-hidden	1	0	0	SHADOW_A_ONLY
replay	inspect-hidden	0	1	0	SHADOW_B_ONLY
replay	inspect-hidden	0	0	0	JOINT_BOTH_FAIL
replay	inspect-injection	1	1	1	JOINT_PASS
replay	inspect-injection	1	0	0	SHADOW_A_ONLY
replay	inspect-injection	0	1	0	SHADOW_B_ONLY
replay	inspect-injection	0	0	0	JOINT_BOTH_FAIL
replay	inspect-unicode	1	1	1	JOINT_PASS
replay	inspect-unicode	1	0	0	SHADOW_A_ONLY
replay	inspect-unicode	0	1	0	SHADOW_B_ONLY
replay	inspect-unicode	0	0	0	JOINT_BOTH_FAIL
replay	inspect-watermark	1	1	1	JOINT_PASS
replay	inspect-watermark	1	0	0	SHADOW_A_ONLY
replay	inspect-watermark	0	1	0	SHADOW_B_ONLY
replay	inspect-watermark	0	0	0	JOINT_BOTH_FAIL
replay	audit	1	1	1	JOINT_PASS
replay	audit	1	0	0	SHADOW_A_ONLY
replay	audit	0	1	0	SHADOW_B_ONLY
replay	audit	0	0	0	JOINT_BOTH_FAIL
replay	lineage	1	1	1	JOINT_PASS
replay	lineage	1	0	0	SHADOW_A_ONLY
replay	lineage	0	1	0	SHADOW_B_ONLY
replay	lineage	0	0	0	JOINT_BOTH_FAIL
replay	csv-to-table-verify	1	1	1	JOINT_PASS
replay	csv-to-table-verify	1	0	0	SHADOW_A_ONLY
replay	csv-to-table-verify	0	1	0	SHADOW_B_ONLY
replay	csv-to-table-verify	0	0	0	JOINT_BOTH_FAIL
replay	sanitize-verify	1	1	1	JOINT_PASS
replay	sanitize-verify	1	0	0	SHADOW_A_ONLY
replay	sanitize-verify	0	1	0	SHADOW_B_ONLY
replay	sanitize-verify	0	0	0	JOINT_BOTH_FAIL
audit	ir-diff	1	1	1	JOINT_PASS
audit	ir-diff	1	0	0	SHADOW_A_ONLY
audit	ir-diff	0	1	0	SHADOW_B_ONLY
audit	ir-diff	0	0	0	JOINT_BOTH_FAIL
audit	verify-pages	1	1	1	JOINT_PASS
audit	verify-pages	1	0	0	SHADOW_A_ONLY
audit	verify-pages	0	1	0	SHADOW_B_ONLY
audit	verify-pages	0	0	0	JOINT_BOTH_FAIL
audit	fill-verify	1	1	1	JOINT_PASS
audit	fill-verify	1	0	0	SHADOW_A_ONLY
audit	fill-verify	0	1	0	SHADOW_B_ONLY
audit	fill-verify	0	0	0	JOINT_BOTH_FAIL
audit	layout-anomaly	1	1	1	JOINT_PASS
audit	layout-anomaly	1	0	0	SHADOW_A_ONLY
audit	layout-anomaly	0	1	0	SHADOW_B_ONLY
audit	layout-anomaly	0	0	0	JOINT_BOTH_FAIL
audit	render-diff	1	1	1	JOINT_PASS
audit	render-diff	1	0	0	SHADOW_A_ONLY
audit	render-diff	0	1	0	SHADOW_B_ONLY
audit	render-diff	0	0	0	JOINT_BOTH_FAIL
audit	dump-pages	1	1	1	JOINT_PASS
audit	dump-pages	1	0	0	SHADOW_A_ONLY
audit	dump-pages	0	1	0	SHADOW_B_ONLY
audit	dump-pages	0	0	0	JOINT_BOTH_FAIL
audit	info	1	1	1	JOINT_PASS
audit	info	1	0	0	SHADOW_A_ONLY
audit	info	0	1	0	SHADOW_B_ONLY
audit	info	0	0	0	JOINT_BOTH_FAIL
audit	inspect-hidden	1	1	1	JOINT_PASS
audit	inspect-hidden	1	0	0	SHADOW_A_ONLY
audit	inspect-hidden	0	1	0	SHADOW_B_ONLY
audit	inspect-hidden	0	0	0	JOINT_BOTH_FAIL
audit	inspect-injection	1	1	1	JOINT_PASS
audit	inspect-injection	1	0	0	SHADOW_A_ONLY
audit	inspect-injection	0	1	0	SHADOW_B_ONLY
audit	inspect-injection	0	0	0	JOINT_BOTH_FAIL
audit	inspect-unicode	1	1	1	JOINT_PASS
audit	inspect-unicode	1	0	0	SHADOW_A_ONLY
audit	inspect-unicode	0	1	0	SHADOW_B_ONLY
audit	inspect-unicode	0	0	0	JOINT_BOTH_FAIL
audit	inspect-watermark	1	1	1	JOINT_PASS
audit	inspect-watermark	1	0	0	SHADOW_A_ONLY
audit	inspect-watermark	0	1	0	SHADOW_B_ONLY
audit	inspect-watermark	0	0	0	JOINT_BOTH_FAIL
audit	replay	1	1	1	JOINT_PASS
audit	replay	1	0	0	SHADOW_A_ONLY
audit	replay	0	1	0	SHADOW_B_ONLY
audit	replay	0	0	0	JOINT_BOTH_FAIL
audit	lineage	1	1	1	JOINT_PASS
audit	lineage	1	0	0	SHADOW_A_ONLY
audit	lineage	0	1	0	SHADOW_B_ONLY
audit	lineage	0	0	0	JOINT_BOTH_FAIL
audit	csv-to-table-verify	1	1	1	JOINT_PASS
audit	csv-to-table-verify	1	0	0	SHADOW_A_ONLY
audit	csv-to-table-verify	0	1	0	SHADOW_B_ONLY
audit	csv-to-table-verify	0	0	0	JOINT_BOTH_FAIL
audit	sanitize-verify	1	1	1	JOINT_PASS
audit	sanitize-verify	1	0	0	SHADOW_A_ONLY
audit	sanitize-verify	0	1	0	SHADOW_B_ONLY
audit	sanitize-verify	0	0	0	JOINT_BOTH_FAIL
lineage	ir-diff	1	1	1	JOINT_PASS
lineage	ir-diff	1	0	0	SHADOW_A_ONLY
lineage	ir-diff	0	1	0	SHADOW_B_ONLY
lineage	ir-diff	0	0	0	JOINT_BOTH_FAIL
lineage	verify-pages	1	1	1	JOINT_PASS
lineage	verify-pages	1	0	0	SHADOW_A_ONLY
lineage	verify-pages	0	1	0	SHADOW_B_ONLY
lineage	verify-pages	0	0	0	JOINT_BOTH_FAIL
lineage	fill-verify	1	1	1	JOINT_PASS
lineage	fill-verify	1	0	0	SHADOW_A_ONLY
lineage	fill-verify	0	1	0	SHADOW_B_ONLY
lineage	fill-verify	0	0	0	JOINT_BOTH_FAIL
lineage	layout-anomaly	1	1	1	JOINT_PASS
lineage	layout-anomaly	1	0	0	SHADOW_A_ONLY
lineage	layout-anomaly	0	1	0	SHADOW_B_ONLY
lineage	layout-anomaly	0	0	0	JOINT_BOTH_FAIL
lineage	render-diff	1	1	1	JOINT_PASS
lineage	render-diff	1	0	0	SHADOW_A_ONLY
lineage	render-diff	0	1	0	SHADOW_B_ONLY
lineage	render-diff	0	0	0	JOINT_BOTH_FAIL
lineage	dump-pages	1	1	1	JOINT_PASS
lineage	dump-pages	1	0	0	SHADOW_A_ONLY
lineage	dump-pages	0	1	0	SHADOW_B_ONLY
lineage	dump-pages	0	0	0	JOINT_BOTH_FAIL
lineage	info	1	1	1	JOINT_PASS
lineage	info	1	0	0	SHADOW_A_ONLY
lineage	info	0	1	0	SHADOW_B_ONLY
lineage	info	0	0	0	JOINT_BOTH_FAIL
lineage	inspect-hidden	1	1	1	JOINT_PASS
lineage	inspect-hidden	1	0	0	SHADOW_A_ONLY
lineage	inspect-hidden	0	1	0	SHADOW_B_ONLY
lineage	inspect-hidden	0	0	0	JOINT_BOTH_FAIL
lineage	inspect-injection	1	1	1	JOINT_PASS
lineage	inspect-injection	1	0	0	SHADOW_A_ONLY
lineage	inspect-injection	0	1	0	SHADOW_B_ONLY
lineage	inspect-injection	0	0	0	JOINT_BOTH_FAIL
lineage	inspect-unicode	1	1	1	JOINT_PASS
lineage	inspect-unicode	1	0	0	SHADOW_A_ONLY
lineage	inspect-unicode	0	1	0	SHADOW_B_ONLY
lineage	inspect-unicode	0	0	0	JOINT_BOTH_FAIL
lineage	inspect-watermark	1	1	1	JOINT_PASS
lineage	inspect-watermark	1	0	0	SHADOW_A_ONLY
lineage	inspect-watermark	0	1	0	SHADOW_B_ONLY
lineage	inspect-watermark	0	0	0	JOINT_BOTH_FAIL
lineage	replay	1	1	1	JOINT_PASS
lineage	replay	1	0	0	SHADOW_A_ONLY
lineage	replay	0	1	0	SHADOW_B_ONLY
lineage	replay	0	0	0	JOINT_BOTH_FAIL
lineage	audit	1	1	1	JOINT_PASS
lineage	audit	1	0	0	SHADOW_A_ONLY
lineage	audit	0	1	0	SHADOW_B_ONLY
lineage	audit	0	0	0	JOINT_BOTH_FAIL
lineage	csv-to-table-verify	1	1	1	JOINT_PASS
lineage	csv-to-table-verify	1	0	0	SHADOW_A_ONLY
lineage	csv-to-table-verify	0	1	0	SHADOW_B_ONLY
lineage	csv-to-table-verify	0	0	0	JOINT_BOTH_FAIL
lineage	sanitize-verify	1	1	1	JOINT_PASS
lineage	sanitize-verify	1	0	0	SHADOW_A_ONLY
lineage	sanitize-verify	0	1	0	SHADOW_B_ONLY
lineage	sanitize-verify	0	0	0	JOINT_BOTH_FAIL
csv-to-table-verify	ir-diff	1	1	1	JOINT_PASS
csv-to-table-verify	ir-diff	1	0	0	SHADOW_A_ONLY
csv-to-table-verify	ir-diff	0	1	0	SHADOW_B_ONLY
csv-to-table-verify	ir-diff	0	0	0	JOINT_BOTH_FAIL
csv-to-table-verify	verify-pages	1	1	1	JOINT_PASS
csv-to-table-verify	verify-pages	1	0	0	SHADOW_A_ONLY
csv-to-table-verify	verify-pages	0	1	0	SHADOW_B_ONLY
csv-to-table-verify	verify-pages	0	0	0	JOINT_BOTH_FAIL
csv-to-table-verify	fill-verify	1	1	1	JOINT_PASS
csv-to-table-verify	fill-verify	1	0	0	SHADOW_A_ONLY
csv-to-table-verify	fill-verify	0	1	0	SHADOW_B_ONLY
csv-to-table-verify	fill-verify	0	0	0	JOINT_BOTH_FAIL
csv-to-table-verify	layout-anomaly	1	1	1	JOINT_PASS
csv-to-table-verify	layout-anomaly	1	0	0	SHADOW_A_ONLY
csv-to-table-verify	layout-anomaly	0	1	0	SHADOW_B_ONLY
csv-to-table-verify	layout-anomaly	0	0	0	JOINT_BOTH_FAIL
csv-to-table-verify	render-diff	1	1	1	JOINT_PASS
csv-to-table-verify	render-diff	1	0	0	SHADOW_A_ONLY
csv-to-table-verify	render-diff	0	1	0	SHADOW_B_ONLY
csv-to-table-verify	render-diff	0	0	0	JOINT_BOTH_FAIL
csv-to-table-verify	dump-pages	1	1	1	JOINT_PASS
csv-to-table-verify	dump-pages	1	0	0	SHADOW_A_ONLY
csv-to-table-verify	dump-pages	0	1	0	SHADOW_B_ONLY
csv-to-table-verify	dump-pages	0	0	0	JOINT_BOTH_FAIL
csv-to-table-verify	info	1	1	1	JOINT_PASS
csv-to-table-verify	info	1	0	0	SHADOW_A_ONLY
csv-to-table-verify	info	0	1	0	SHADOW_B_ONLY
csv-to-table-verify	info	0	0	0	JOINT_BOTH_FAIL
csv-to-table-verify	inspect-hidden	1	1	1	JOINT_PASS
csv-to-table-verify	inspect-hidden	1	0	0	SHADOW_A_ONLY
csv-to-table-verify	inspect-hidden	0	1	0	SHADOW_B_ONLY
csv-to-table-verify	inspect-hidden	0	0	0	JOINT_BOTH_FAIL
csv-to-table-verify	inspect-injection	1	1	1	JOINT_PASS
csv-to-table-verify	inspect-injection	1	0	0	SHADOW_A_ONLY
csv-to-table-verify	inspect-injection	0	1	0	SHADOW_B_ONLY
csv-to-table-verify	inspect-injection	0	0	0	JOINT_BOTH_FAIL
csv-to-table-verify	inspect-unicode	1	1	1	JOINT_PASS
csv-to-table-verify	inspect-unicode	1	0	0	SHADOW_A_ONLY
csv-to-table-verify	inspect-unicode	0	1	0	SHADOW_B_ONLY
csv-to-table-verify	inspect-unicode	0	0	0	JOINT_BOTH_FAIL
csv-to-table-verify	inspect-watermark	1	1	1	JOINT_PASS
csv-to-table-verify	inspect-watermark	1	0	0	SHADOW_A_ONLY
csv-to-table-verify	inspect-watermark	0	1	0	SHADOW_B_ONLY
csv-to-table-verify	inspect-watermark	0	0	0	JOINT_BOTH_FAIL
csv-to-table-verify	replay	1	1	1	JOINT_PASS
csv-to-table-verify	replay	1	0	0	SHADOW_A_ONLY
csv-to-table-verify	replay	0	1	0	SHADOW_B_ONLY
csv-to-table-verify	replay	0	0	0	JOINT_BOTH_FAIL
csv-to-table-verify	audit	1	1	1	JOINT_PASS
csv-to-table-verify	audit	1	0	0	SHADOW_A_ONLY
csv-to-table-verify	audit	0	1	0	SHADOW_B_ONLY
csv-to-table-verify	audit	0	0	0	JOINT_BOTH_FAIL
csv-to-table-verify	lineage	1	1	1	JOINT_PASS
csv-to-table-verify	lineage	1	0	0	SHADOW_A_ONLY
csv-to-table-verify	lineage	0	1	0	SHADOW_B_ONLY
csv-to-table-verify	lineage	0	0	0	JOINT_BOTH_FAIL
csv-to-table-verify	sanitize-verify	1	1	1	JOINT_PASS
csv-to-table-verify	sanitize-verify	1	0	0	SHADOW_A_ONLY
csv-to-table-verify	sanitize-verify	0	1	0	SHADOW_B_ONLY
csv-to-table-verify	sanitize-verify	0	0	0	JOINT_BOTH_FAIL
sanitize-verify	ir-diff	1	1	1	JOINT_PASS
sanitize-verify	ir-diff	1	0	0	SHADOW_A_ONLY
sanitize-verify	ir-diff	0	1	0	SHADOW_B_ONLY
sanitize-verify	ir-diff	0	0	0	JOINT_BOTH_FAIL
sanitize-verify	verify-pages	1	1	1	JOINT_PASS
sanitize-verify	verify-pages	1	0	0	SHADOW_A_ONLY
sanitize-verify	verify-pages	0	1	0	SHADOW_B_ONLY
sanitize-verify	verify-pages	0	0	0	JOINT_BOTH_FAIL
sanitize-verify	fill-verify	1	1	1	JOINT_PASS
sanitize-verify	fill-verify	1	0	0	SHADOW_A_ONLY
sanitize-verify	fill-verify	0	1	0	SHADOW_B_ONLY
sanitize-verify	fill-verify	0	0	0	JOINT_BOTH_FAIL
sanitize-verify	layout-anomaly	1	1	1	JOINT_PASS
sanitize-verify	layout-anomaly	1	0	0	SHADOW_A_ONLY
sanitize-verify	layout-anomaly	0	1	0	SHADOW_B_ONLY
sanitize-verify	layout-anomaly	0	0	0	JOINT_BOTH_FAIL
sanitize-verify	render-diff	1	1	1	JOINT_PASS
sanitize-verify	render-diff	1	0	0	SHADOW_A_ONLY
sanitize-verify	render-diff	0	1	0	SHADOW_B_ONLY
sanitize-verify	render-diff	0	0	0	JOINT_BOTH_FAIL
sanitize-verify	dump-pages	1	1	1	JOINT_PASS
sanitize-verify	dump-pages	1	0	0	SHADOW_A_ONLY
sanitize-verify	dump-pages	0	1	0	SHADOW_B_ONLY
sanitize-verify	dump-pages	0	0	0	JOINT_BOTH_FAIL
sanitize-verify	info	1	1	1	JOINT_PASS
sanitize-verify	info	1	0	0	SHADOW_A_ONLY
sanitize-verify	info	0	1	0	SHADOW_B_ONLY
sanitize-verify	info	0	0	0	JOINT_BOTH_FAIL
sanitize-verify	inspect-hidden	1	1	1	JOINT_PASS
sanitize-verify	inspect-hidden	1	0	0	SHADOW_A_ONLY
sanitize-verify	inspect-hidden	0	1	0	SHADOW_B_ONLY
sanitize-verify	inspect-hidden	0	0	0	JOINT_BOTH_FAIL
sanitize-verify	inspect-injection	1	1	1	JOINT_PASS
sanitize-verify	inspect-injection	1	0	0	SHADOW_A_ONLY
sanitize-verify	inspect-injection	0	1	0	SHADOW_B_ONLY
sanitize-verify	inspect-injection	0	0	0	JOINT_BOTH_FAIL
sanitize-verify	inspect-unicode	1	1	1	JOINT_PASS
sanitize-verify	inspect-unicode	1	0	0	SHADOW_A_ONLY
sanitize-verify	inspect-unicode	0	1	0	SHADOW_B_ONLY
sanitize-verify	inspect-unicode	0	0	0	JOINT_BOTH_FAIL
sanitize-verify	inspect-watermark	1	1	1	JOINT_PASS
sanitize-verify	inspect-watermark	1	0	0	SHADOW_A_ONLY
sanitize-verify	inspect-watermark	0	1	0	SHADOW_B_ONLY
sanitize-verify	inspect-watermark	0	0	0	JOINT_BOTH_FAIL
sanitize-verify	replay	1	1	1	JOINT_PASS
sanitize-verify	replay	1	0	0	SHADOW_A_ONLY
sanitize-verify	replay	0	1	0	SHADOW_B_ONLY
sanitize-verify	replay	0	0	0	JOINT_BOTH_FAIL
sanitize-verify	audit	1	1	1	JOINT_PASS
sanitize-verify	audit	1	0	0	SHADOW_A_ONLY
sanitize-verify	audit	0	1	0	SHADOW_B_ONLY
sanitize-verify	audit	0	0	0	JOINT_BOTH_FAIL
sanitize-verify	lineage	1	1	1	JOINT_PASS
sanitize-verify	lineage	1	0	0	SHADOW_A_ONLY
sanitize-verify	lineage	0	1	0	SHADOW_B_ONLY
sanitize-verify	lineage	0	0	0	JOINT_BOTH_FAIL
sanitize-verify	csv-to-table-verify	1	1	1	JOINT_PASS
sanitize-verify	csv-to-table-verify	1	0	0	SHADOW_A_ONLY
sanitize-verify	csv-to-table-verify	0	1	0	SHADOW_B_ONLY
sanitize-verify	csv-to-table-verify	0	0	0	JOINT_BOTH_FAIL
ir-diff	ir-diff	1	1	0	SAME_CHECK_NOT_SHADOW
ir-diff	ir-diff	1	0	0	SAME_CHECK_NOT_SHADOW
ir-diff	ir-diff	0	1	0	SAME_CHECK_NOT_SHADOW
ir-diff	ir-diff	0	0	0	SAME_CHECK_NOT_SHADOW
verify-pages	verify-pages	1	1	0	SAME_CHECK_NOT_SHADOW
verify-pages	verify-pages	1	0	0	SAME_CHECK_NOT_SHADOW
verify-pages	verify-pages	0	1	0	SAME_CHECK_NOT_SHADOW
verify-pages	verify-pages	0	0	0	SAME_CHECK_NOT_SHADOW
fill-verify	fill-verify	1	1	0	SAME_CHECK_NOT_SHADOW
fill-verify	fill-verify	1	0	0	SAME_CHECK_NOT_SHADOW
fill-verify	fill-verify	0	1	0	SAME_CHECK_NOT_SHADOW
fill-verify	fill-verify	0	0	0	SAME_CHECK_NOT_SHADOW
layout-anomaly	layout-anomaly	1	1	0	SAME_CHECK_NOT_SHADOW
layout-anomaly	layout-anomaly	1	0	0	SAME_CHECK_NOT_SHADOW
layout-anomaly	layout-anomaly	0	1	0	SAME_CHECK_NOT_SHADOW
layout-anomaly	layout-anomaly	0	0	0	SAME_CHECK_NOT_SHADOW
render-diff	render-diff	1	1	0	SAME_CHECK_NOT_SHADOW
render-diff	render-diff	1	0	0	SAME_CHECK_NOT_SHADOW
render-diff	render-diff	0	1	0	SAME_CHECK_NOT_SHADOW
render-diff	render-diff	0	0	0	SAME_CHECK_NOT_SHADOW
dump-pages	dump-pages	1	1	0	SAME_CHECK_NOT_SHADOW
dump-pages	dump-pages	1	0	0	SAME_CHECK_NOT_SHADOW
dump-pages	dump-pages	0	1	0	SAME_CHECK_NOT_SHADOW
dump-pages	dump-pages	0	0	0	SAME_CHECK_NOT_SHADOW
info	info	1	1	0	SAME_CHECK_NOT_SHADOW
info	info	1	0	0	SAME_CHECK_NOT_SHADOW
info	info	0	1	0	SAME_CHECK_NOT_SHADOW
info	info	0	0	0	SAME_CHECK_NOT_SHADOW
inspect-hidden	inspect-hidden	1	1	0	SAME_CHECK_NOT_SHADOW
inspect-hidden	inspect-hidden	1	0	0	SAME_CHECK_NOT_SHADOW
inspect-hidden	inspect-hidden	0	1	0	SAME_CHECK_NOT_SHADOW
inspect-hidden	inspect-hidden	0	0	0	SAME_CHECK_NOT_SHADOW
inspect-injection	inspect-injection	1	1	0	SAME_CHECK_NOT_SHADOW
inspect-injection	inspect-injection	1	0	0	SAME_CHECK_NOT_SHADOW
inspect-injection	inspect-injection	0	1	0	SAME_CHECK_NOT_SHADOW
inspect-injection	inspect-injection	0	0	0	SAME_CHECK_NOT_SHADOW
inspect-unicode	inspect-unicode	1	1	0	SAME_CHECK_NOT_SHADOW
inspect-unicode	inspect-unicode	1	0	0	SAME_CHECK_NOT_SHADOW
inspect-unicode	inspect-unicode	0	1	0	SAME_CHECK_NOT_SHADOW
inspect-unicode	inspect-unicode	0	0	0	SAME_CHECK_NOT_SHADOW
inspect-watermark	inspect-watermark	1	1	0	SAME_CHECK_NOT_SHADOW
inspect-watermark	inspect-watermark	1	0	0	SAME_CHECK_NOT_SHADOW
inspect-watermark	inspect-watermark	0	1	0	SAME_CHECK_NOT_SHADOW
inspect-watermark	inspect-watermark	0	0	0	SAME_CHECK_NOT_SHADOW
replay	replay	1	1	0	SAME_CHECK_NOT_SHADOW
replay	replay	1	0	0	SAME_CHECK_NOT_SHADOW
replay	replay	0	1	0	SAME_CHECK_NOT_SHADOW
replay	replay	0	0	0	SAME_CHECK_NOT_SHADOW
audit	audit	1	1	0	SAME_CHECK_NOT_SHADOW
audit	audit	1	0	0	SAME_CHECK_NOT_SHADOW
audit	audit	0	1	0	SAME_CHECK_NOT_SHADOW
audit	audit	0	0	0	SAME_CHECK_NOT_SHADOW
lineage	lineage	1	1	0	SAME_CHECK_NOT_SHADOW
lineage	lineage	1	0	0	SAME_CHECK_NOT_SHADOW
lineage	lineage	0	1	0	SAME_CHECK_NOT_SHADOW
lineage	lineage	0	0	0	SAME_CHECK_NOT_SHADOW
csv-to-table-verify	csv-to-table-verify	1	1	0	SAME_CHECK_NOT_SHADOW
csv-to-table-verify	csv-to-table-verify	1	0	0	SAME_CHECK_NOT_SHADOW
csv-to-table-verify	csv-to-table-verify	0	1	0	SAME_CHECK_NOT_SHADOW
csv-to-table-verify	csv-to-table-verify	0	0	0	SAME_CHECK_NOT_SHADOW
sanitize-verify	sanitize-verify	1	1	0	SAME_CHECK_NOT_SHADOW
sanitize-verify	sanitize-verify	1	0	0	SAME_CHECK_NOT_SHADOW
sanitize-verify	sanitize-verify	0	1	0	SAME_CHECK_NOT_SHADOW
sanitize-verify	sanitize-verify	0	0	0	SAME_CHECK_NOT_SHADOW
