path	status	page_count	overflow	overlap	empty_page	off_canvas	text_overlap	has_signal	elapsed_ms	error
samples/143E433F503322BD33.hwp	CLEAN	1	0	0	0			0	303	
samples/156457624_210622 7월부터 해외직구 구매대행업체 등록제 시행.hwp	CLEAN	5	0	0	0			0	632	
samples/156636617_240617 2024년 5월 월간 수출입 현황(확정치).hwp	ANOMALY	19	2	1	0			1	5080	
samples/2010-01-06.hwp	CLEAN	6	0	0	0			0	1291	
samples/2022년 국립국어원 업무계획.hwp	ANOMALY	35	10	0	0			1	5560	
samples/2025 행정업무운영 편람(최종).hwp	ANOMALY	383	152	3	18			1	45431	
samples/2025 행정업무운영 편람(최종).hwpx	ANOMALY	383	161	4	18			1	34610	
samples/20250130-hongbo-no.hwp	CLEAN	4	0	0	0			0	986	
samples/20250130-hongbo.hwp	CLEAN	4	0	0	0			0	590	
samples/20250130-hongbo_saved.hwp	CLEAN	5	0	0	0			0	715	
samples/2025년 기부·답례품 실적 지자체 보고서_양식.hwpx	ANOMALY	30	23	0	0			1	2892	
samples/2026_oss_rst.hwp	ANOMALY	6	2	0	0			1	1118	
samples/21868765_별표2_보건소_분장사무.hwp	CLEAN	4	0	0	0			0	1229	
samples/21_언어_기출_편집가능본.hwp	ANOMALY	15	1	0	0			1	3254	
samples/253E164F57A1BC6934-empty.hwp	ANOMALY	2	1	0	0			1	729	
samples/3-09월_교육_통합_2022.hwp	ANOMALY	23	3	2	0			1	15333	
samples/3-09월_교육_통합_2022.hwpx	ANOMALY	23	37	2	0			1	10222	
samples/3-09월_교육_통합_2023.hwp	ANOMALY	20	2	9	0			1	9279	
samples/3-09월_교육_통합_2023.hwpx	ANOMALY	20	8	9	0			1	6766	
samples/3-09월_교육_통합_2024-격자기준종이.hwp	ANOMALY	23	3	2	0			1	14038	
samples/3-09월_교육_통합_2024-격자기준쪽.hwp	ANOMALY	23	3	2	0			1	14155	
samples/3-09월_교육_통합_2024-구분선아래20.hwp	ANOMALY	23	5	2	0			1	14349	
samples/3-09월_교육_통합_2024-구분선아래20구분선위20.hwp	ANOMALY	23	13	2	0			1	14574	
samples/3-09월_교육_통합_2024-구분선아래20구분선위20.hwpx	ANOMALY	23	18	2	0			1	10172	
samples/3-09월_교육_통합_2024-미주사이20.hwp	ANOMALY	24	6	2	0			1	15178	
samples/3-10월_교육_통합_2022.hwp	ANOMALY	18	3	3	0			1	9682	
samples/3-10월_교육_통합_2022.hwpx	ANOMALY	18	5	2	0			1	6378	
samples/3-11월_실전_통합_2022.hwp	ANOMALY	21	2	8	0			1	12437	
samples/3-11월_실전_통합_2022.hwpx	ANOMALY	21	9	8	0			1	9448	
samples/3-11월_실전_통합_2024-구분선없음구분선위20미주사이20구분선아래20.hwp	ANOMALY	23	4	8	0			1	13285	
samples/3-11월_실전_통합_2024-구분선없음구분선위20미주사이20구분선아래20.hwpx	ANOMALY	23	4	8	0			1	9750	
samples/3-11월_실전_통합_2024-구분선위0미주사이0구분선아래0.hwp	ANOMALY	21	4	9	0			1	12994	
samples/3-11월_실전_통합_2024-구분선위0미주사이0구분선아래0.hwpx	ANOMALY	21	19	9	0			1	9208	
samples/3-11월_실전_통합_2024-구분선위0미주사이20구분선아래2.hwp	ANOMALY	22	9	8	0			1	13274	
samples/3-11월_실전_통합_2024-구분선위0미주사이20구분선아래2.hwpx	ANOMALY	22	21	8	0			1	9295	
samples/3-11월_실전_통합_2024-구분선위0미주사이7구분선아래2.hwp	ANOMALY	21	2	8	0			1	12792	
samples/3-11월_실전_통합_2024-구분선위0미주사이7구분선아래2.hwpx	ANOMALY	21	9	8	0			1	9337	
samples/3-11월_실전_통합_2024-구분선위0미주사이7구분선아래20.hwp	ANOMALY	21	3	8	0			1	12336	
samples/3-11월_실전_통합_2024-구분선위0미주사이7구분선아래20.hwpx	ANOMALY	21	15	7	0			1	8373	
samples/3-11월_실전_통합_2024-구분선위20미주사이0구분선아래20.hwp	ANOMALY	21	3	8	0			1	10122	
samples/3-11월_실전_통합_2024-구분선위20미주사이0구분선아래20.hwpx	ANOMALY	21	8	10	0			1	6764	
samples/3-11월_실전_통합_2024-구분선위20미주사이7구분선아래2.hwp	ANOMALY	21	3	8	0			1	9452	
samples/3-11월_실전_통합_2024-구분선위20미주사이7구분선아래2.hwpx	ANOMALY	21	15	7	0			1	7128	
samples/3-11월_실전_통합_2024-구분선위9미주사이8구분선아래7.hwp	ANOMALY	21	4	7	0			1	10598	
samples/3-11월_실전_통합_2024-구분선위9미주사이8구분선아래7.hwpx	ANOMALY	21	15	7	0			1	7601	
samples/76076_regulatory_analysis.hwp	ANOMALY	82	15	0	0			1	6974	
samples/80168_regulatory_analysis.hwp	ANOMALY	157	48	1	0			1	10052	
samples/80250_regulatory_analysis.hwp	ANOMALY	17	5	0	0			1	1188	
samples/86712_regulatory_analysis.hwp	ANOMALY	65	10	0	0			1	7195	
samples/[2027] 온새미로 1 본교재.hwp	ANOMALY	47	0	0	4			0	3886	
samples/[2027] 온새미로 1 본교재.hwpx	ANOMALY	47	0	0	4			0	2321	
samples/aift.hwp	ANOMALY	74	12	1	0			1	6850	
samples/atop-equation-01.hwp	CLEAN	1	0	0	0			0	85	
samples/basic/BlogForm_BookReview.hwp	ANOMALY	1	1	0	0			1	132	
samples/basic/BlogForm_MovieReview.hwp	ANOMALY	1	1	0	0			1	150	
samples/basic/BlogForm_Recipe.hwp	ANOMALY	1	1	0	0			1	149	
samples/basic/BookReview.hwp	CLEAN	2	0	0	0			0	223	
samples/basic/calendar_monthly.hwp	CLEAN	1	0	0	0			0	150	
samples/basic/calendar_year.hwp	CLEAN	1	0	0	0			0	592	
samples/basic/english.hwp	ANOMALY	1	1	0	0			1	162	
samples/basic/Hyper(hwp2010).hwp	ANOMALY	1	2	0	0			1	226	
samples/basic/interview.hwp	CLEAN	2	0	0	0			0	223	
samples/basic/issue1994_behindtext_table_20200830.hwp	ANOMALY	4	3	1	0			1	906	
samples/basic/issue2007_nested_cell_pagination_42065.hwp	ANOMALY	17	16	0	0			1	6533	
samples/basic/KTX-003.hwp	ANOMALY	1	0	1	0			1	591	
samples/basic/KTX.hwp	ANOMALY	1	0	1	0			1	551	
samples/basic/NewYear_s_Day.hwp	CLEAN	3	0	0	0			0	238	
samples/basic/pau-004.hwp	CLEAN	1	0	0	0			0	98	
samples/basic/request.hwp	CLEAN	1	0	0	0			0	185	
samples/basic/shortcut.hwp	CLEAN	7	0	0	0			0	460	
samples/basic/sungeo.hwp	ANOMALY	94	5	0	0			1	5203	
samples/basic/Textmail.hwp	CLEAN	1	0	0	0			0	131	
samples/basic/treatise sample.hwp	ANOMALY	7	7	0	0			1	783	
samples/basic/Worldcup_FIFA2010_32.hwp	CLEAN	1	0	0	0			0	285	
samples/bitmap.hwp	CLEAN	1	0	0	0			0	984	
samples/biz_plan.hwp	CLEAN	6	0	0	0			0	336	
samples/byeolpyo1.hwp	ANOMALY	4	2	0	0			1	298	
samples/byeolpyo4.hwp	ANOMALY	26	10	0	0			1	1803	
samples/calc-cell.hwp	CLEAN	1	0	0	0			0	110	
samples/chart/가로막대형/3차원누적가로막대형.hwp	CLEAN	1	0	0	0			0	95	
samples/chart/가로막대형/3차원누적가로막대형.hwpx	CLEAN	1	0	0	0			0	101	
samples/chart/가로막대형/3차원묶은가로막대형.hwp	CLEAN	1	0	0	0			0	131	
samples/chart/가로막대형/3차원묶은가로막대형.hwpx	CLEAN	1	0	0	0			0	75	
samples/chart/가로막대형/누적가로막대형.hwp	CLEAN	1	0	0	0			0	102	
samples/chart/가로막대형/누적가로막대형.hwpx	CLEAN	1	0	0	0			0	70	
samples/chart/가로막대형/묶은가로막대형.hwp	CLEAN	1	0	0	0			0	119	
samples/chart/가로막대형/묶은가로막대형.hwpx	CLEAN	1	0	0	0			0	102	
samples/chart/가로막대형/백프로기준누적가로막대형.hwp	CLEAN	1	0	0	0			0	105	
samples/chart/가로막대형/백프로기준누적가로막대형.hwpx	CLEAN	1	0	0	0			0	98	
samples/chart/기타/고가저가종가.hwp	CLEAN	1	0	0	0			0	93	
samples/chart/기타/고가저가종가.hwpx	CLEAN	1	0	0	0			0	104	
samples/chart/기타/시가고가저가종가.hwp	CLEAN	1	0	0	0			0	110	
samples/chart/기타/시가고가저가종가.hwpx	CLEAN	1	0	0	0			0	106	
samples/chart/라인/꺽은선형.hwp	CLEAN	1	0	0	0			0	131	
samples/chart/라인/꺽은선형.hwpx	CLEAN	1	0	0	0			0	86	
samples/chart/라인/누적꺽은선형.hwp	CLEAN	1	0	0	0			0	92	
samples/chart/라인/누적꺽은선형.hwpx	CLEAN	1	0	0	0			0	107	
samples/chart/라인/백프로기준누적꺽은선형.hwp	CLEAN	1	0	0	0			0	131	
samples/chart/라인/백프로기준누적꺽은선형.hwpx	CLEAN	1	0	0	0			0	100	
samples/chart/라인/표식이있는꺽은선형.hwp	CLEAN	1	0	0	0			0	116	
samples/chart/라인/표식이있는꺽은선형.hwpx	CLEAN	1	0	0	0			0	116	
samples/chart/라인/표식이있는누적꺽은선형.hwp	CLEAN	1	0	0	0			0	95	
samples/chart/라인/표식이있는누적꺽은선형.hwpx	CLEAN	1	0	0	0			0	91	
samples/chart/분산형/곡선및표식이있는분산형.hwp	CLEAN	1	0	0	0			0	95	
samples/chart/분산형/곡선및표식이있는분산형.hwpx	CLEAN	1	0	0	0			0	86	
samples/chart/분산형/곡선이있는분산형.hwp	CLEAN	1	0	0	0			0	102	
samples/chart/분산형/곡선이있는분산형.hwpx	CLEAN	1	0	0	0			0	110	
samples/chart/분산형/직선및표식이있는분산형.hwp	CLEAN	1	0	0	0			0	117	
samples/chart/분산형/직선및표식이있는분산형.hwpx	CLEAN	1	0	0	0			0	97	
samples/chart/분산형/직선이있는분산형.hwp	CLEAN	1	0	0	0			0	132	
samples/chart/분산형/직선이있는분산형.hwpx	CLEAN	1	0	0	0			0	117	
samples/chart/분산형/표식만있는분산형.hwp	CLEAN	1	0	0	0			0	112	
samples/chart/분산형/표식만있는분산형.hwpx	CLEAN	1	0	0	0			0	83	
samples/chart/세로막대형/3차원누적세로막대형.hwp	CLEAN	1	0	0	0			0	94	
samples/chart/세로막대형/3차원누적세로막대형.hwpx	CLEAN	1	0	0	0			0	110	
samples/chart/세로막대형/3차원묶은세로막대형.hwp	CLEAN	1	0	0	0			0	109	
samples/chart/세로막대형/3차원묶은세로막대형.hwpx	CLEAN	1	0	0	0			0	106	
samples/chart/세로막대형/누적세로막대형.hwp	CLEAN	1	0	0	0			0	95	
samples/chart/세로막대형/누적세로막대형.hwpx	CLEAN	1	0	0	0			0	98	
samples/chart/세로막대형/묶은세로막대형.hwp	CLEAN	1	0	0	0			0	109	
samples/chart/세로막대형/묶은세로막대형.hwpx	CLEAN	1	0	0	0			0	88	
samples/chart/세로막대형/백프로기준누적세로막대형.hwp	CLEAN	1	0	0	0			0	111	
samples/chart/세로막대형/백프로기준누적세로막대형.hwpx	CLEAN	1	0	0	0			0	88	
samples/chart/원형/2차원원형.hwp	CLEAN	1	0	0	0			0	113	
samples/chart/원형/2차원원형.hwpx	CLEAN	1	0	0	0			0	102	
samples/chart/원형/3차원원형.hwp	CLEAN	1	0	0	0			0	116	
samples/chart/원형/3차원원형.hwpx	CLEAN	1	0	0	0			0	115	
samples/chart/원형/원형대가로막대형.hwp	CLEAN	1	0	0	0			0	115	
samples/chart/원형/원형대가로막대형.hwpx	CLEAN	1	0	0	0			0	92	
samples/chart/원형/원형대원형.hwp	CLEAN	1	0	0	0			0	127	
samples/chart/원형/원형대원형.hwpx	CLEAN	1	0	0	0			0	96	
samples/chart/원형/쪼개진원형.hwp	CLEAN	1	0	0	0			0	118	
samples/chart/원형/쪼개진원형.hwpx	CLEAN	1	0	0	0			0	92	
samples/chart/특이케이스/가로막대형_하나만있을떄_단일시리즈제목.hwp	CLEAN	1	0	0	0			0	95	
samples/chart/특이케이스/가로막대형_하나만있을떄_단일시리즈제목.hwpx	CLEAN	1	0	0	0			0	104	
samples/draw-group.hwp	CLEAN	1	0	0	0			0	172	
samples/el-school-001.hwp	CLEAN	1	0	0	0			0	246	
samples/endnote-01.hwp	CLEAN	5	0	0	0			0	239	
samples/eq-002.hwp	CLEAN	1	0	0	0			0	122	
samples/eq-01.hwp	CLEAN	1	0	0	0			0	151	
samples/equation-lim.hwp	CLEAN	1	0	0	0			0	99	
samples/exam-kor-1p.hwp	CLEAN	1	0	0	0			0	800	
samples/exam-kor-2p.hwp	CLEAN	2	0	0	0			0	920	
samples/exam-kor-3p.hwp	CLEAN	3	0	0	0			0	1056	
samples/exam-kor-4p.hwp	CLEAN	4	0	0	0			0	1053	
samples/exam_eng.hwp	ANOMALY	8	2	0	0			1	3731	
samples/exam_kor.hwp	ANOMALY	20	2	0	0			1	8292	
samples/exam_math.hwp	CLEAN	20	0	0	0			0	1507	
samples/exam_math_8.hwp	ANOMALY	1	1	0	0			1	134	
samples/exam_math_no.hwp	CLEAN	20	0	0	0			0	1506	
samples/exam_science.hwp	ANOMALY	4	12	6	0			1	1763	
samples/exam_social-p1.hwp	ANOMALY	1	4	0	0			1	419	
samples/exam_social.hwp	ANOMALY	4	9	0	0			1	1222	
samples/field-01-memo.hwp	ANOMALY	3	0	0	1			0	175	
samples/field-01.hwp	ANOMALY	3	0	0	1			0	171	
samples/float-stack-defer.hwp	CLEAN	3	0	0	0			0	246	
samples/footnote-01.hwp	CLEAN	6	0	0	0			0	205	
samples/footnote-tbox-01.hwp	CLEAN	1	0	0	0			0	112	
samples/form-01.hwp	CLEAN	1	0	0	0			0	99	
samples/form-02.hwp	CLEAN	1	0	0	0			0	99	
samples/group-box.hwp	CLEAN	1	0	0	0			0	102	
samples/group-drawing-02.hwp	CLEAN	1	0	0	0			0	155	
samples/h-pen-01.hwp	CLEAN	1	0	0	0			0	87	
samples/hcar-001.hwp	ANOMALY	6	3	0	0			1	639	
samples/honbo-save.hwp	CLEAN	5	0	0	0			0	262	
samples/hwp-3.0-HWPML.hwp	ANOMALY	121	4	0	7			1	14105	
samples/hwp-img-001.hwp	CLEAN	1	0	0	0			0	195	
samples/hwp-multi-001.hwp	ANOMALY	9	7	0	0			1	2136	
samples/hwp-multi-002.hwp	CLEAN	6	0	0	0			0	597	
samples/hwp3-curve.hwp	CLEAN	2	0	0	0			0	155	
samples/hwp3-ellipse-empty-textbox.hwp	CLEAN	1	0	0	0			0	74	
samples/hwp3-empty-cell.hwp	ANOMALY	1	2	2	0			1	109	
samples/hwp3-pagedef-1915.hwp	CLEAN	1	0	0	0			0	75	
samples/HWP3-password-123456.hwp	ERROR	0	0	0	0			0	13	오류: 문서 로드 실패 samples\HWP3-password-123456.hwp: InvalidFile("비밀번호가 필요한 암호 문서입니다 (parse_document_with_password 또는 parse_hwp_with_password 로 비밀번호를 전달하세요)")
samples/hwp3-sample-hwp5.hwp	ANOMALY	16	1	1	0			1	2445	
samples/hwp3-sample-hwpx.hwpx	ANOMALY	16	1	1	0			1	1054	
samples/hwp3-sample.hwp	CLEAN	16	0	0	0			0	1154	
samples/hwp3-sample10-hwp5.hwp	ANOMALY	763	94	13	0			1	146935	
samples/hwp3-sample10-hwpx.hwpx	ANOMALY	764	26	13	0			1	138167	
samples/hwp3-sample10.hwp	ANOMALY	763	0	13	0			1	70171	
samples/hwp3-sample11-hwp5.hwp	ANOMALY	151	15	0	1			1	9984	
samples/hwp3-sample11-hwpx.hwpx	ANOMALY	151	10	0	1			1	8058	
samples/hwp3-sample11.hwp	ANOMALY	151	20	0	1			1	7292	
samples/hwp3-sample13-hwp5.hwp	CLEAN	3	0	0	0			0	169	
samples/hwp3-sample13-hwp5.hwpx	CLEAN	3	0	0	0			0	134	
samples/hwp3-sample13.hwp	CLEAN	3	0	0	0			0	125	
samples/hwp3-sample14-hwp5.hwp	ANOMALY	11	1	0	0			1	624	
samples/hwp3-sample14-hwp5.hwpx	ANOMALY	11	1	0	0			1	407	
samples/hwp3-sample14.hwp	CLEAN	11	0	0	0			0	308	
samples/hwp3-sample16-hwp5-2010.hwp	ANOMALY	64	2	0	0			1	5738	
samples/hwp3-sample16-hwp5-2018.hwp	ANOMALY	64	2	0	0			1	6326	
samples/hwp3-sample16-hwp5-2022.hwp	ANOMALY	64	3	0	0			1	5931	
samples/hwp3-sample16-hwp5-2024-password-123456.hwp	ERROR	0	0	0	0			0	33	오류: 문서 로드 실패 samples\hwp3-sample16-hwp5-2024-password-123456.hwp: InvalidFile("비밀번호가 필요한 암호 문서입니다 (parse_document_with_password 또는 parse_hwp_with_password 로 비밀번호를 전달하세요)")
samples/hwp3-sample16-hwp5-2024.hwp	ANOMALY	64	2	0	0			1	5143	
samples/hwp3-sample16-hwp5.hwp	ANOMALY	64	2	0	0			1	4804	
samples/hwp3-sample16-hwp5.hwpx	ANOMALY	64	29	0	0			1	3820	
samples/hwp3-sample16.hwp	ANOMALY	64	43	5	0			1	2712	
samples/hwp3-sample19-hwp5.hwp	CLEAN	2	0	0	0			0	103	
samples/hwp3-sample19-hwpx.hwpx	CLEAN	2	0	0	0			0	118	
samples/hwp3-sample19.hwp	CLEAN	2	0	0	0			0	97	
samples/hwp3-sample4-hwp5.hwp	ANOMALY	36	5	0	0			1	2434	
samples/hwp3-sample4.hwp	ANOMALY	36	1	0	0			1	1307	
samples/hwp3-sample5-hwp5-v2018.hwp	ANOMALY	64	27	0	0			1	6355	
samples/hwp3-sample5-hwp5-v2024.hwp	ANOMALY	64	27	0	0			1	6264	
samples/hwp3-sample5-hwp5.hwp	ANOMALY	64	27	0	0			1	6329	
samples/hwp3-sample5-hwpx.hwpx	CLEAN	64	0	0	0			0	3657	
samples/hwp3-sample5.hwp	CLEAN	64	0	0	0			0	4479	
samples/hwp3-table-caption.hwp	ANOMALY	1	2	0	0			1	78	
samples/hwp3-table-cell-order.hwp	ANOMALY	1	1	0	0			1	82	
samples/hwp3-table-cell-overlap.hwp	ANOMALY	7	2	0	0			1	162	
samples/hwp3-table-grid-gap.hwp	CLEAN	3	0	0	0			0	132	
samples/HWP5-nopassword-123456.hwp	CLEAN	24	0	0	0			0	2790	
samples/HWP5-nopassword-123456.hwpx	ANOMALY	23	16	1	0			1	1808	
samples/HWP5-password-123456.hwpx	ERROR	0	0	0	0			0	27	오류: 문서 로드 실패 samples\HWP5-password-123456.hwpx: InvalidFile("비밀번호가 필요한 암호 문서입니다 (parse_document_with_password 또는 parse_hwp_with_password 로 비밀번호를 전달하세요)")
samples/hwp5-tbl-attr-1916.hwp	CLEAN	4	0	0	0			0	462	
samples/hwp_table_test-m.hwp	ANOMALY	3	2	0	0			1	342	
samples/hwp_table_test.hwp	ANOMALY	3	2	0	0			1	351	
samples/hwp_table_test_saved.hwp	ANOMALY	3	2	0	0			1	353	
samples/hwpctl_Action_Table__v1.1.hwp	ANOMALY	16	3	0	0			1	2152	
samples/hwpctl_API_v2.4.hwp	ANOMALY	106	38	12	0			1	3301	
samples/hwpctl_ParameterSetID_Item_v1.2.hwp	ANOMALY	74	3	0	0			1	2573	
samples/hwpers_test4_complex_table.hwp	CLEAN	1	0	0	0			0	81	
samples/hwpspec.hwp	ANOMALY	178	15	1	10			1	11174	
samples/hwpx/143E433F503322BD33.hwpx	CLEAN	1	0	0	0			0	266	
samples/hwpx/2024년 1분기 해외직접투자 보도자료 ff.hwp	CLEAN	9	0	0	0			0	1742	
samples/hwpx/2024년 1분기 해외직접투자 보도자료 ff.hwpx	CLEAN	9	0	0	0			0	1449	
samples/hwpx/2024년 2분기 해외직접투자 보도자료ff.hwpx	ANOMALY	9	10	0	0			1	1584	
samples/hwpx/2024년 연간 해외직접투자 보도자료 _ ff.hwpx	ANOMALY	9	12	0	0			1	1679	
samples/hwpx/2025년 1분기 해외직접투자 보도자료f.hwpx	CLEAN	9	0	0	0			0	986	
samples/hwpx/2025년 2분기 해외직접투자 (최종).hwpx	ANOMALY	9	10	0	0			1	1060	
samples/hwpx/2026_oss_rst.hwpx	ANOMALY	7	2	0	0			1	224	
samples/hwpx/[2027] 온새미로 1 본교재.hwpx	ANOMALY	46	0	0	3			0	1555	
samples/hwpx/aift.hwpx	ANOMALY	74	12	1	0			1	5012	
samples/hwpx/basic-table-01.hwpx	CLEAN	1	0	0	0			0	86	
samples/hwpx/blank_hwpx.hwpx	CLEAN	1	0	0	0			0	87	
samples/hwpx/business_overview.hwpx	CLEAN	1	0	0	0			0	149	
samples/hwpx/el-school-001.hwpx	CLEAN	1	0	0	0			0	146	
samples/hwpx/eq-002.hwpx	CLEAN	1	0	0	0			0	102	
samples/hwpx/exam-kor-1p.hwpx	CLEAN	1	0	0	0			0	504	
samples/hwpx/exam-kor-2p.hwpx	CLEAN	2	0	0	0			0	499	
samples/hwpx/exam-kor-3p.hwpx	CLEAN	3	0	0	0			0	576	
samples/hwpx/exam-kor-4p.hwpx	CLEAN	4	0	0	0			0	591	
samples/hwpx/exam_kor.hwpx	ANOMALY	20	2	0	0			1	3685	
samples/hwpx/exam_social-p1.hwpx	ANOMALY	1	4	0	0			1	219	
samples/hwpx/exam_social.hwpx	ANOMALY	4	9	0	0			1	640	
samples/hwpx/expense_report.hwpx	CLEAN	1	0	0	0			0	112	
samples/hwpx/field-multipara-clickhere.hwpx	CLEAN	2	0	0	0			0	146	
samples/hwpx/footnote-01.hwpx	CLEAN	6	0	0	0			0	139	
samples/hwpx/footnote-tbox-01.hwpx	CLEAN	1	0	0	0			0	60	
samples/hwpx/form-002.hwpx	CLEAN	10	0	0	0			0	1838	
samples/hwpx/form-01.hwpx	CLEAN	1	0	0	0			0	135	
samples/hwpx/form-02.hwpx	CLEAN	1	0	0	0			0	150	
samples/hwpx/hancom-hwp/2024년 1분기 해외직접투자 보도자료 ff.hwp	CLEAN	9	0	0	0			0	2270	
samples/hwpx/hancom-hwp/2024년 2분기 해외직접투자 보도자료ff.hwp	ANOMALY	9	10	0	0			1	2560	
samples/hwpx/hancom-hwp/2024년 연간 해외직접투자 보도자료 _ ff.hwp	ANOMALY	9	12	0	0			1	2706	
samples/hwpx/hancom-hwp/2025년 1분기 해외직접투자 보도자료f.hwp	CLEAN	9	0	0	0			0	2433	
samples/hwpx/hancom-hwp/2025년 2분기 해외직접투자 (최종).hwp	ANOMALY	9	10	0	0			1	2503	
samples/hwpx/hancom-hwp/[2027] 온새미로 1 본교재.hwp	ANOMALY	48	0	0	3			0	3814	
samples/hwpx/hancom-hwp/activity_report.hwp	CLEAN	2	0	0	0			0	187	
samples/hwpx/hancom-hwp/blank_hwpx.hwp	CLEAN	1	0	0	0			0	100	
samples/hwpx/hancom-hwp/business_overview.hwp	CLEAN	1	0	0	0			0	176	
samples/hwpx/hancom-hwp/expense_report.hwp	CLEAN	1	0	0	0			0	152	
samples/hwpx/hancom-hwp/form-002.hwp	CLEAN	10	0	0	0			0	1540	
samples/hwpx/hancom-hwp/hang_job_01.hwp	ANOMALY	24	5	0	0			1	1389	
samples/hwpx/hancom-hwp/hwpx-01.hwp	CLEAN	9	0	0	0			0	936	
samples/hwpx/hancom-hwp/hwpx-02.hwp	ANOMALY	9	12	0	0			1	1027	
samples/hwpx/hancom-hwp/hwpx-h-01.hwp	CLEAN	9	0	0	0			0	973	
samples/hwpx/hancom-hwp/hwpx-h-02.hwp	ANOMALY	9	10	0	0			1	994	
samples/hwpx/hancom-hwp/hwpx-h-03.hwp	CLEAN	9	0	0	0			0	974	
samples/hwpx/hancom-hwp/hy-001.hwp	CLEAN	2	0	0	0			0	138	
samples/hwpx/hancom-hwp/hy-002.hwp	ANOMALY	2	1	0	0			1	171	
samples/hwpx/hancom-hwp/issue_157.hwp	CLEAN	2	0	0	0			0	119	
samples/hwpx/hancom-hwp/issue_241.hwp	CLEAN	1	0	0	0			0	91	
samples/hwpx/hancom-hwp/mel-001.hwp	ANOMALY	20	4	0	0			1	1429	
samples/hwpx/hancom-hwp/service_agreement.hwp	CLEAN	1	0	0	0			0	86	
samples/hwpx/hancom-hwp/tb-org-02.hwp	CLEAN	1	0	0	0			0	178	
samples/hwpx/hancom-hwp/tbox-v-flow-01.hwp	CLEAN	1	0	0	0			0	68	
samples/hwpx/hcar-001.hwpx	ANOMALY	6	3	0	0			1	442	
samples/hwpx/hwpx-01.hwpx	CLEAN	9	0	0	0			0	1066	
samples/hwpx/hwpx-02.hwpx	ANOMALY	7	0	0	1			0	243	
samples/hwpx/hwpx-centered-cell-vpos-after-tac-shape.hwpx	CLEAN	1	0	0	0			0	255	
samples/hwpx/hwpx-h-01.hwpx	CLEAN	9	0	0	0			0	866	
samples/hwpx/hwpx-h-02.hwpx	ANOMALY	9	10	0	0			1	934	
samples/hwpx/hwpx-h-03.hwpx	CLEAN	9	0	0	0			0	1208	
samples/hwpx/hy-001.hwpx	CLEAN	2	0	0	0			0	141	
samples/hwpx/hy-002.hwpx	ANOMALY	2	1	0	0			1	214	
samples/hwpx/issue1535_coanchored_float_exclusion.hwpx	ANOMALY	1	2	0	0			1	119	
samples/hwpx/issue1948_cross_para_fieldend.hwpx	CLEAN	1	0	0	0			0	255	
samples/hwpx/issue2019_floating_form_74312.hwpx	ANOMALY	19	7	0	9			1	998	
samples/hwpx/issue2439_page_local_float_exclusion.hwpx	CLEAN	3	0	0	0			0	139	
samples/hwpx/issue_1133.hwpx	CLEAN	3	0	0	0			0	203	
samples/hwpx/issue_157.hwpx	CLEAN	2	0	0	0			0	137	
samples/hwpx/issue_241.hwpx	CLEAN	1	0	0	0			0	110	
samples/hwpx/k-water-rfp.hwpx	ANOMALY	27	2	0	0			1	1272	
samples/hwpx/landscape-001.hwpx	CLEAN	1	0	0	0			0	94	
samples/hwpx/local-font-nanumsquare-bold.hwpx	CLEAN	1	0	0	0			0	100	
samples/hwpx/math-001.hwpx	CLEAN	1	0	0	0			0	94	
samples/hwpx/mel-001.hwpx	ANOMALY	20	4	0	0			1	1156	
samples/hwpx/opengov/36382399_결재문서본문_일반지출결의서_기간제 소블록 세척 작업용품 구매.hwpx	CLEAN	1	0	0	0			0	127	
samples/hwpx/opengov/36382669_결재문서본문_’26년 제3차 강사선정 심의회 운영결과.hwpx	ANOMALY	8	5	0	0			1	269	
samples/hwpx/opengov/36383351_결재문서본문_[관악산] 산악구조대 구급의약품 폐기 계획 보고.hwpx	CLEAN	2	0	0	0			0	129	
samples/hwpx/opengov/36383351_결재문서본문_관악산산악구조대급식의약품폐기.hwpx	CLEAN	2	0	0	0			0	144	
samples/hwpx/opengov/36384285_결재문서본문_[여의도] 2026년 6월 기본업무수행 급식비 지급.hwpx	CLEAN	1	0	0	0			0	130	
samples/hwpx/opengov/36384689_결재문서본문_화재발생종합보고서(제2026-298호).hwpx	CLEAN	1	0	0	0			0	104	
samples/hwpx/opengov/36385226_결재문서본문_제2처리장 슬러지인발용 에어리프트 브로워 2호기 소모품 교체 보고.hwpx	ANOMALY	3	1	0	0			1	165	
samples/hwpx/opengov/36385445_결재문서본문_화재발생종합보고서(제2026-189호, 2026. 5. 14.).hwpx	ANOMALY	1	1	0	0			1	123	
samples/hwpx/opengov/36385464_결재문서본문_근무변경(반포수난구조대, 2026-06).hwpx	CLEAN	1	0	0	0			0	134	
samples/hwpx/opengov/36386761_백제학연구총서위탁판매의뢰목록.hwpx	CLEAN	1	0	0	0			0	82	
samples/hwpx/opengov/36387103_결재문서본문_수질검사 신청 민원 처리 결과 안내.hwpx	CLEAN	2	0	0	0			0	165	
samples/hwpx/opengov/36387725_footer_page_bottom.hwpx	CLEAN	2	0	0	0			0	143	
samples/hwpx/opengov/36388571_결재문서본문_2026년 6월 생일 축하품 수령증 제출(119항공대).hwpx	CLEAN	1	0	0	0			0	125	
samples/hwpx/opengov/36388711_사회보장제도 신설 협의요청서(청년오피스)_260624.hwpx	ANOMALY	9	1	0	0			1	437	
samples/hwpx/opengov/36388853_결재문서본문_일상감사 의견서 송부.hwpx	CLEAN	1	0	0	0			0	127	
samples/hwpx/opengov/36389298_결재문서본문_물품검사(수)조서(라벨테이프 등).hwpx	CLEAN	2	0	0	0			0	164	
samples/hwpx/opengov/36389301_결재문서본문_직장훈련계획_덧말.hwpx	CLEAN	2	0	0	0			0	124	
samples/hwpx/opengov/36389312_결재문서본문_특정소방대상물 화재발생 알림(화재번호 2026-177).hwpx	CLEAN	1	0	0	0			0	150	
samples/hwpx/opengov/36392900_결재문서본문_일일굴착복구공사현황보고.hwpx	ANOMALY	2	11	0	0			1	124	
samples/hwpx/opengov/36395270_footer_overpush.hwpx	ANOMALY	2	2	0	0			1	172	
samples/hwpx/opengov/36398366_결재문서본문_PC 셧다운 제외 및 초과근무 인정 요청(데이터전략과).hwpx	ANOMALY	1	1	0	0			1	130	
samples/hwpx/pagenation-001.hwpx	ANOMALY	2	2	0	0			1	216	
samples/hwpx/para-001.hwpx	CLEAN	3	0	0	0			0	130	
samples/hwpx/para-unit-01.hwpx	CLEAN	2	0	0	0			0	87	
samples/hwpx/pr-1674.hwpx	ANOMALY	35	9	0	0			1	1333	
samples/hwpx/ref/ref_empty.hwpx	CLEAN	1	0	0	0			0	47	
samples/hwpx/ref/ref_mixed.hwpx	CLEAN	1	0	0	0			0	59	
samples/hwpx/ref/ref_table.hwpx	CLEAN	1	0	0	0			0	76	
samples/hwpx/ref/ref_text.hwpx	CLEAN	1	0	0	0			0	72	
samples/hwpx/shape-001.hwpx	ANOMALY	1	1	0	0			1	63	
samples/hwpx/ta-pic-001-r.hwpx	CLEAN	1	0	0	0			0	96	
samples/hwpx/table-text.hwpx	ANOMALY	1	1	0	0			1	67	
samples/hwpx/tb-img-03.hwpx	CLEAN	1	0	0	0			0	57	
samples/hwpx/tb-org-02.hwpx	CLEAN	1	0	0	0			0	168	
samples/hwpx/tbox-v-flow-01.hwpx	CLEAN	1	0	0	0			0	54	
samples/hwpx/water-mark.hwpx	CLEAN	1	0	0	0			0	53	
samples/hwpx_sample2.hwp	ANOMALY	29	6	0	0			1	1615	
samples/hwpx_sample2.hwpx	ANOMALY	29	5	0	0			1	1506	
samples/img-start-001.hwp	CLEAN	3	0	0	0			0	352	
samples/inner-table-01.hwp	CLEAN	2	0	0	0			0	170	
samples/issue-505-equations.hwp	CLEAN	4	0	0	0			0	69	
samples/issue-986-receipt.hwp	ANOMALY	1	2	0	0			1	265	
samples/issue1510_coanchored_float_tables.hwp	ANOMALY	1	1	1	0			1	81	
samples/issue1510_coanchored_float_tables.hwpx	CLEAN	2	0	0	0			0	89	
samples/issue1549_empty_host_float_clamp.hwpx	ANOMALY	1	0	1	0			1	87	
samples/issue1549_multipositive_float_tables.hwpx	ANOMALY	1	0	3	0			1	91	
samples/issue1639_empty_host_negative_offset_float.hwpx	ANOMALY	2	0	1	0			1	132	
samples/issue1639_empty_host_positive_only_float.hwpx	CLEAN	2	0	0	0			0	93	
samples/issue1663_coanchored_float_orphan.hwpx	CLEAN	2	0	0	0			0	127	
samples/issue1770_rowsplit_tolerance.hwpx	CLEAN	4	0	0	0			0	354	
samples/issue1835_tac_stale_height.hwp	ANOMALY	3	2	0	0			1	272	
samples/issue1842_cell_tac_group_lineheight.hwp	CLEAN	2	0	0	0			0	289	
samples/issue1853_caption_precedes_body_split.hwpx	ANOMALY	52	1	0	0			1	1420	
samples/issue1858_paper_anchor_float_stack.hwpx	ANOMALY	1	13	14	0			1	211	
samples/issue1880_anchor_stack_sb_convert.hwpx	ANOMALY	13	4	0	0			1	519	
samples/issue1880_takeplace_host_before.hwpx	ANOMALY	10	1	0	0			1	467	
samples/issue1880_takeplace_oracle_p13.hwpx	ANOMALY	13	4	0	0			1	446	
samples/issue1891/76076_regulatory_analysis.hwpx	ANOMALY	82	15	0	0			1	2381	
samples/issue1891/80168_regulatory_analysis.hwpx	ANOMALY	157	46	1	0			1	3804	
samples/issue1891/80250_regulatory_analysis.hwpx	ANOMALY	17	3	0	0			1	529	
samples/issue1891/86712_regulatory_analysis.hwpx	ANOMALY	65	9	0	0			1	2828	
samples/issue1891_external_bindata_link.hwpx	ANOMALY	71	28	4	0			1	2241	
samples/issue1892_hwp3_drawing_group_roundtrip.hwp	ANOMALY	1	3	0	0			1	61	
samples/issue1892_hwp3_tab_roundtrip.hwp	CLEAN	1	0	0	0			0	48	
samples/issue1893_clickhere_field_roundtrip.hwpx	CLEAN	1	0	0	0			0	95	
samples/issue1921/59043_regulatory_analysis.hwp	ANOMALY	37	6	0	0			1	1824	
samples/issue1937_rowbreak_footnote_overpagination.hwp	ANOMALY	50	14	0	0			1	2269	
samples/issue1949_giant_cell_nested_tables_perf.hwp	ANOMALY	115	9	0	0			1	72158	
samples/issue1949_giant_cell_nested_tables_perf.hwpx	ANOMALY	115	9	0	0			1	71514	
samples/issue1950_hwp3_tab_charoffset.hwp	CLEAN	1	0	0	0			0	53	
samples/issue2004_cell_image_stack.hwp	ANOMALY	8	1	1	0			1	307	
samples/issue2004_cell_image_stack.hwpx	ANOMALY	8	1	1	0			1	211	
samples/issue2006/1790387_prep_final_report.hwpx	ANOMALY	140	13	0	4			1	2746	
samples/issue2020/(250813) (보도자료) 2025년 7월중 가계대출 동향.hwp	ANOMALY	5	1	0	0			1	373	
samples/issue2020/(250813) (보도자료) 2025년 7월중 가계대출 동향.hwpx	ANOMALY	5	1	0	0			1	349	
samples/issue2020/passport_application_lawgo.hwp	CLEAN	2	0	0	0			0	212	
samples/issue2063_huge_cellbreak_table.hwp	ANOMALY	159	4	0	0			1	52770	
samples/issue2083_hide_fill_page.hwpx	ANOMALY	4	2	0	0			1	167	
samples/issue2164/의견제출서(양식).hwp	ANOMALY	1	1	0	0			1	71	
samples/issue2217/20200830.hwp	ANOMALY	4	3	1	0			1	366	
samples/issue2373/156689818_kftc_press.hwpx	ANOMALY	4	1	1	0			1	163	
samples/issue2439/issue2439_repeat_table_overlap.hwp	ANOMALY	10	2	0	0			1	993	
samples/issue2439_zero_offset_coanchored_float_exclusion.hwp	CLEAN	1	0	0	0			0	58	
samples/issue2470/36341511_masked.hwpx	ANOMALY	9	1	0	0			1	372	
samples/issue2470/36382471_masked.hwpx	ANOMALY	2	3	0	0			1	99	
samples/issue2527_empty_linesegs.hwpx	CLEAN	1	0	0	0			0	52	
samples/issue2559/1341000_research_report_footnotes.hwp	ANOMALY	92	25	0	0			1	2359	
samples/issue2808_report_physical_ladder.hwp	CLEAN	2	0	0	0			0	86	
samples/issue2808_single_table_form_physical_ladder.hwpx	CLEAN	1	0	0	0			0	61	
samples/issue2813/dangjik_dutylog.hwpx	ANOMALY	2	3	0	0			1	179	
samples/issue2816/imgbrush_total_page_fill.hwpx	CLEAN	1	0	0	0			0	73	
samples/issue2817/paper_anchor_infront_pic.hwpx	CLEAN	1	0	0	0			0	58	
samples/issue3239/evaluation_form_200dpi_scan.hwp	CLEAN	1	0	0	0			0	82	
samples/issue3257/webhangul_product_spec_v1.1.hwp	CLEAN	6	0	0	0			0	199	
samples/issue3460/svg_picture_repro.hwpx	CLEAN	3	0	0	0			0	91	
samples/issue3637/press_release_split_cell_nested_table.hwpx	ANOMALY	13	1	0	0			1	794	
samples/issue3637/press_release_topbottom_float.hwpx	ANOMALY	3	1	2	0			1	121	
samples/issue3637/regulatory_impact_nested_table_escape.hwpx	ANOMALY	31	5	5	0			1	1302	
samples/issue3738/tac_sibling_shape_line_advance.hwpx	CLEAN	1	0	0	0			0	44	
samples/issue3751/vpos_reset_midparagraph_fit.hwpx	ANOMALY	2	2	0	0			1	57	
samples/issue3765/zone_switch_ladder_understates_page.hwpx	CLEAN	2	0	0	0			0	61	
samples/issue3798/page_end_trailing_spill.hwpx	CLEAN	2	0	0	0			0	39	
samples/issue3834/flow_with_text_zero.hwpx	ANOMALY	1	1	0	0			1	51	
samples/issue3837/stored_vpos_rewind_form.hwp	CLEAN	4	0	0	0			0	162	
samples/issue4090/156492236_규제샌드박스_min.hwpx	ANOMALY	17	19	10	0			1	416	
samples/issue4490/148720174_111014(인력기획과)민간경력자_5급_일괄채용_필기_합격자_발표.hwp	CLEAN	2	0	0	0			0	114	
samples/issue4491/30213_1.혼합단지등 제도개선 방안.hwp	ANOMALY	38	3	0	0			1	912	
samples/issue4514/sample1-repro.hwp	ANOMALY	48	7	0	10			1	1530	
samples/issue4657/distribute-alignment-sample.hwpx	CLEAN	1	0	0	0			0	47	
samples/issue4690/30098_indent_over_stored_cs.hwp	ANOMALY	16	5	0	0			1	449	
samples/issue4889/18098267_nested_fragment_origin.hwp	ANOMALY	3	1	0	0			1	333	
samples/issue_1133.hwp	CLEAN	3	0	0	0			0	132	
samples/issue_2148_degenerate_cell_vpos.hwpx	CLEAN	1	0	0	0			0	109	
samples/issue_265.hwp	CLEAN	16	0	0	0			0	314	
samples/issues/2809/jubo_20260104.hwp	ANOMALY	6	4	0	0			1	279	
samples/k-water-rfp-2024.hwp	ANOMALY	27	2	0	0			1	1217	
samples/k-water-rfp.hwp	ANOMALY	27	1	0	0			1	1670	
samples/kps-ai.hwp	ANOMALY	78	4	0	0			1	2768	
samples/KTX.hwp	ANOMALY	27	3	0	0			1	931	
samples/landscape-001.hwp	CLEAN	1	0	0	0			0	81	
samples/loading-fail-01.hwp	ANOMALY	14	3	0	0			1	539	
samples/lseg-01-basic.hwp	CLEAN	1	0	0	0			0	54	
samples/lseg-02-mixed.hwp	CLEAN	1	0	0	0			0	53	
samples/lseg-03-spacing.hwp	CLEAN	1	0	0	0			0	60	
samples/lseg-04-indent.hwp	CLEAN	1	0	0	0			0	62	
samples/lseg-05-tab.hwp	CLEAN	1	0	0	0			0	60	
samples/lseg-06-multisize.hwp	CLEAN	1	0	0	0			0	69	
samples/math-001.hwp	CLEAN	1	0	0	0			0	88	
samples/mel-001.hwp	ANOMALY	20	4	0	0			1	1218	
samples/mix-shape-01.hwp	CLEAN	1	0	0	0			0	68	
samples/multi-table-001.hwp	ANOMALY	2	1	0	0			1	618	
samples/multi-table-002.hwp	CLEAN	2	0	0	0			0	543	
samples/p122.hwp	CLEAN	1	0	0	0			0	56	
samples/para-001.hwp	CLEAN	3	0	0	0			0	135	
samples/para-unit-01.hwp	CLEAN	2	0	0	0			0	84	
samples/pic-crop-01.hwp	CLEAN	1	0	0	0			0	57	
samples/pic-in-head-01.hwp	ANOMALY	22	6	0	0			1	1151	
samples/pic-in-head-02.hwp	ANOMALY	6	2	0	0			1	302	
samples/pic-in-table-01.hwp	ANOMALY	22	6	0	0			1	1222	
samples/pic-in-table-with-toggle.hwp	CLEAN	1	0	0	0			0	84	
samples/pic2-2018.hwp	CLEAN	2	0	0	0			0	105	
samples/pic2.hwp	CLEAN	2	0	0	0			0	100	
samples/pic2.hwpx	CLEAN	2	0	0	0			0	88	
samples/pr-149.hwp	CLEAN	1	0	0	0			0	56	
samples/pr-1674.hwp	ANOMALY	35	9	0	0			1	1384	
samples/pr4093/outline_navigation_panel_demo.hwpx	CLEAN	3	0	0	0			0	79	
samples/pr4093/outline_navigation_table_cell_number.hwpx	CLEAN	1	0	0	0			0	50	
samples/pua-test.hwp	CLEAN	1	0	0	0			0	76	
samples/re-01-hangul-only-empty-hancom.hwp	CLEAN	1	0	0	0			0	49	
samples/re-01-hangul-only-hancom.hwp	CLEAN	1	0	0	0			0	48	
samples/re-02-space-count-empty-hancom.hwp	CLEAN	1	0	0	0			0	53	
samples/re-02-space-count-hancom.hwp	CLEAN	1	0	0	0			0	47	
samples/re-03-latin-only-empty-hancom.hwp	CLEAN	1	0	0	0			0	52	
samples/re-03-latin-only-hancom.hwp	CLEAN	1	0	0	0			0	54	
samples/re-04-digit-only-empty-hancom.hwp	CLEAN	1	0	0	0			0	50	
samples/re-04-digit-only-hancom.hwp	CLEAN	1	0	0	0			0	52	
samples/re-05-mixed-koen-empty-hancom.hwp	CLEAN	1	0	0	0			0	50	
samples/re-05-mixed-koen-hancom.hwp	CLEAN	1	0	0	0			0	69	
samples/re-06-punctuation-empty-hancom.hwp	CLEAN	1	0	0	0			0	50	
samples/re-06-punctuation-hancom.hwp	CLEAN	1	0	0	0			0	50	
samples/re-align-center-empty-hancom.hwp	CLEAN	1	0	0	0			0	51	
samples/re-align-center-hancom.hwp	CLEAN	1	0	0	0			0	48	
samples/re-align-justify-empty-hancom.hwp	CLEAN	1	0	0	0			0	50	
samples/re-align-justify-hancom.hwp	CLEAN	1	0	0	0			0	70	
samples/re-align-left-empty-hancom.hwp	CLEAN	1	0	0	0			0	53	
samples/re-align-left-hancom.hwp	CLEAN	1	0	0	0			0	48	
samples/re-align-right-empty-hancom.hwp	CLEAN	1	0	0	0			0	50	
samples/re-align-right-hancom.hwp	CLEAN	1	0	0	0			0	50	
samples/re-eng-mixed-batang-arial-empty-hancom.hwp	CLEAN	1	0	0	0			0	52	
samples/re-eng-mixed-batang-empty-hancom.hwp	CLEAN	1	0	0	0			0	51	
samples/re-eng-mixed-batangche-empty-hancom.hwp	CLEAN	1	0	0	0			0	53	
samples/re-eng-mixed-dotum-empty-hancom.hwp	CLEAN	1	0	0	0			0	52	
samples/re-eng-mixed-dotum-times-empty-hancom.hwp	CLEAN	1	0	0	0			0	50	
samples/re-eng-mixed-malgun-courier-empty-hancom.hwp	CLEAN	1	0	0	0			0	57	
samples/re-eng-mixed-malgun-empty-hancom.hwp	CLEAN	1	0	0	0			0	55	
samples/re-eng-mixed-malgun-times-empty-hancom.hwp	CLEAN	1	0	0	0			0	54	
samples/re-eng-nospace-batang-arial-empty-hancom.hwp	CLEAN	1	0	0	0			0	51	
samples/re-eng-nospace-batang-empty-hancom.hwp	CLEAN	1	0	0	0			0	51	
samples/re-eng-nospace-batangche-empty-hancom.hwp	CLEAN	1	0	0	0			0	52	
samples/re-eng-nospace-dotum-empty-hancom.hwp	CLEAN	1	0	0	0			0	54	
samples/re-eng-nospace-dotum-times-empty-hancom.hwp	CLEAN	1	0	0	0			0	53	
samples/re-eng-nospace-malgun-courier-empty-hancom.hwp	CLEAN	1	0	0	0			0	56	
samples/re-eng-nospace-malgun-empty-hancom.hwp	CLEAN	1	0	0	0			0	51	
samples/re-eng-nospace-malgun-times-empty-hancom.hwp	CLEAN	1	0	0	0			0	52	
samples/re-eng-words-batang-arial-empty-hancom.hwp	CLEAN	1	0	0	0			0	59	
samples/re-eng-words-batang-empty-hancom.hwp	CLEAN	1	0	0	0			0	53	
samples/re-eng-words-batangche-empty-hancom.hwp	CLEAN	1	0	0	0			0	55	
samples/re-eng-words-dotum-empty-hancom.hwp	CLEAN	1	0	0	0			0	53	
samples/re-eng-words-dotum-times-empty-hancom.hwp	CLEAN	1	0	0	0			0	55	
samples/re-eng-words-malgun-courier-empty-hancom.hwp	CLEAN	1	0	0	0			0	54	
samples/re-eng-words-malgun-empty-hancom.hwp	CLEAN	1	0	0	0			0	55	
samples/re-eng-words-malgun-times-empty-hancom.hwp	CLEAN	1	0	0	0			0	53	
samples/re-font-batang-empty-hancom.hwp	CLEAN	1	0	0	0			0	50	
samples/re-font-batang-hancom.hwp	CLEAN	1	0	0	0			0	49	
samples/re-font-batangche-empty-hancom.hwp	CLEAN	1	0	0	0			0	50	
samples/re-font-batangche-hancom.hwp	CLEAN	1	0	0	0			0	53	
samples/re-font-dotum-empty-hancom.hwp	CLEAN	1	0	0	0			0	49	
samples/re-font-dotum-hancom.hwp	CLEAN	1	0	0	0			0	48	
samples/re-font-dotumche-empty-hancom.hwp	CLEAN	1	0	0	0			0	50	
samples/re-font-dotumche-hancom.hwp	CLEAN	1	0	0	0			0	50	
samples/re-font-gulim-empty-hancom.hwp	CLEAN	1	0	0	0			0	56	
samples/re-font-gulim-hancom.hwp	CLEAN	1	0	0	0			0	50	
samples/re-font-gulimche-empty-hancom.hwp	CLEAN	1	0	0	0			0	56	
samples/re-font-gulimche-hancom.hwp	CLEAN	1	0	0	0			0	52	
samples/re-font-malgun-empty-hancom.hwp	CLEAN	1	0	0	0			0	61	
samples/re-font-malgun-hancom.hwp	CLEAN	1	0	0	0			0	59	
samples/re-mixed-0tr-empty-hancom.hwp	CLEAN	1	0	0	0			0	58	
samples/re-mixed-1tr-empty-hancom.hwp	CLEAN	1	0	0	0			0	54	
samples/re-mixed-2tr-empty-hancom.hwp	CLEAN	1	0	0	0			0	53	
samples/re-mixed-malgun-timesnew-hancom.hwp	CLEAN	1	0	0	0			0	56	
samples/re-multisize-10-10-empty-hancom.hwp	CLEAN	1	0	0	0			0	54	
samples/re-multisize-10-20-empty-hancom.hwp	CLEAN	1	0	0	0			0	57	
samples/re-multisize-8-14-empty-hancom.hwp	CLEAN	1	0	0	0			0	53	
samples/render-p35-font-native-bitmap.hwpx	CLEAN	1	0	0	0			0	56	
samples/rowbreak-problem-pages.hwp	ANOMALY	18	4	0	0			1	1010	
samples/rowbreak-problem-pages.hwpx	ANOMALY	18	4	0	0			1	920	
samples/shape-001.hwp	ANOMALY	1	1	0	0			1	61	
samples/shape-group-02.hwp	CLEAN	1	0	0	0			0	60	
samples/shift-return.hwp	CLEAN	1	0	0	0			0	54	
samples/SO-SUEOP.hwp	CLEAN	46	0	0	0			0	2787	
samples/SO-SUEOP.hwpx	CLEAN	46	0	0	0			0	2682	
samples/synam-001.hwp	ANOMALY	35	24	0	0			1	2369	
samples/ta-pic-001-r-쪽영역안제한.hwp	CLEAN	1	0	0	0			0	121	
samples/ta-pic-001-r-쪽영역안제한.hwpx	CLEAN	1	0	0	0			0	118	
samples/ta-pic-001-r-쪽영역안제한no.hwp	CLEAN	1	0	0	0			0	115	
samples/ta-pic-001-r-쪽영역안제한no.hwpx	CLEAN	1	0	0	0			0	92	
samples/ta-pic-001-r.hwp	CLEAN	1	0	0	0			0	121	
samples/ta-pic-cell-center-pos-bottom.hwpx	CLEAN	1	0	0	0			0	108	
samples/ta-pic-cell-top-pos-center.hwpx	CLEAN	1	0	0	0			0	102	
samples/table-001.hwp	CLEAN	1	0	0	0			0	105	
samples/table-004.hwp	CLEAN	1	0	0	0			0	97	
samples/table-complex.hwp	ANOMALY	4	0	0	2			0	270	
samples/table-in-tbox.hwp	CLEAN	2	0	0	0			0	234	
samples/table-ipc.hwp	ANOMALY	10	0	0	8			0	825	
samples/table-vpos-01.hwp	CLEAN	5	0	0	0			0	225	
samples/table-vpos-01.hwpx	CLEAN	5	0	0	0			0	199	
samples/table_giant_cell_overfill.hwpx	ANOMALY	42	2	0	0			1	6206	
samples/table_scattered_header_rowbreak.hwp	ANOMALY	52	6	0	0			1	3552	
samples/table_text_anchor_wrap.hwpx	CLEAN	3	0	0	0			0	212	
samples/tac-case-001.hwp	CLEAN	1	0	0	0			0	58	
samples/tac-case-002.hwp	CLEAN	1	0	0	0			0	71	
samples/tac-case-003.hwp	CLEAN	1	0	0	0			0	58	
samples/tac-case-004.hwp	CLEAN	1	0	0	0			0	65	
samples/tac-case-005.hwp	CLEAN	1	0	0	0			0	68	
samples/tac-host-spacing.hwpx	CLEAN	1	0	0	0			0	46	
samples/tac-img-02.hwp	ANOMALY	66	19	0	1			1	3000	
samples/tac-img-02.hwpx	ANOMALY	67	19	0	1			1	3340	
samples/tac-verify/scenario-a-after.hwp	CLEAN	1	0	0	0			0	53	
samples/tac-verify/scenario-a-before.hwp	CLEAN	1	0	0	0			0	70	
samples/tac-verify/scenario-b-after.hwp	CLEAN	1	0	0	0			0	84	
samples/tac-verify/scenario-b-before.hwp	CLEAN	1	0	0	0			0	91	
samples/tac-verify/scenario-c-after.hwp	ANOMALY	1	1	0	0			1	61	
samples/tac-verify/scenario-c-before.hwp	ANOMALY	1	1	0	0			1	49	
samples/tac-verify/scenario-d-after.hwp	CLEAN	1	0	0	0			0	66	
samples/tac-verify/scenario-d-before.hwp	CLEAN	1	0	0	0			0	44	
samples/task-001.hwp	ANOMALY	1	1	0	0			1	81	
samples/task1700/byeolpyo1_uujeong_wrap_singlepage.hwp	CLEAN	1	0	0	0			0	64	
samples/task1700/myeonjeok_wrap_10page.hwp	ANOMALY	10	11	0	0			1	1177	
samples/task1705/wrap_empty_para_anchor_page.hwp	CLEAN	2	0	0	0			0	108	
samples/task1706/empty_para_before_pagebreak.hwpx	ANOMALY	3	1	1	0			1	236	
samples/task1706/empty_para_between_tac_tables.hwp	CLEAN	2	0	0	0			0	136	
samples/task1716/table_scattered_header_rowbreak.hwpx	ANOMALY	52	5	0	0			1	3062	
samples/task1718/table_giant_cell_overfill.hwp	ANOMALY	47	2	0	0			1	6430	
samples/task1725/text_footnote_tail_overpagination.hwp	ANOMALY	242	5	5	1			1	8480	
samples/task1725/text_footnote_tail_overpagination.hwpx	ANOMALY	242	4	5	1			1	8250	
samples/task1745/table_text_anchor_wrap.hwp	CLEAN	3	0	0	0			0	207	
samples/task1749/saved_bounds_cumulative_page_break.hwp	ANOMALY	5	4	0	0			1	277	
samples/task1749/saved_bounds_cumulative_page_break.hwpx	ANOMALY	5	1	0	0			1	229	
samples/task1749/saved_bounds_cumulative_vpos.hwp	CLEAN	2	0	0	0			0	263	
samples/task1749/saved_bounds_cumulative_vpos.hwpx	CLEAN	2	0	0	0			0	180	
samples/task1750/split_guard_spacing_before.hwp	ANOMALY	5	1	0	0			1	291	
samples/task1750/split_guard_spacing_before.hwpx	ANOMALY	5	1	0	0			1	308	
samples/task1753/deferred_takeplace_fill_ahead.hwp	ANOMALY	21	1	0	0			1	2109	
samples/task1753/deferred_takeplace_fill_ahead.hwpx	ANOMALY	21	1	0	0			1	1876	
samples/task1763/cell_trailing_ls_expand.hwp	CLEAN	1	0	0	0			0	125	
samples/task1763/cell_trailing_ls_expand.hwpx	CLEAN	1	0	0	0			0	116	
samples/task1765/merged_cell_trailing_ls.hwp	CLEAN	4	0	0	0			0	277	
samples/task1765/merged_cell_trailing_ls.hwpx	CLEAN	4	0	0	0			0	299	
samples/task1768/distribution_doc.hwpx	ANOMALY	3	1	0	0			1	182	
samples/task1771/nested_group_vectors.hwpx	CLEAN	15	0	0	0			0	854	
samples/task1772/table_outer_margin_common_sync.hwpx	CLEAN	1	0	0	0			0	126	
samples/task1789/exclusion_probe_line_spacing.hwpx	CLEAN	2	0	0	0			0	193	
samples/task2070/1130000-201900011_D0150004-1-002_2017년기준 시장구조조사.hwp	ANOMALY	313	271	0	1			1	76932	
samples/task2070/hy_ladder3.hwpx	ANOMALY	1	2	0	0			1	100	
samples/task2070/hy_ladder4.hwpx	CLEAN	1	0	0	0			0	76	
samples/task2093/1192000_hydrogen_policy_research.hwp	ANOMALY	16	0	2	1			1	1991	
samples/task2093/saved_single_line_spacing_after.hwpx	CLEAN	1	0	0	0			0	54	
samples/task2097/1730000_selection_report.hwp	CLEAN	1	0	0	0			0	113	
samples/task2097/1741000_project_application.hwp	CLEAN	2	0	0	0			0	169	
samples/task2097/17809123_jawonbongsa.hwpx	ANOMALY	1	1	0	0			1	114	
samples/task2097/18095317_eogu_geumji.hwp	ANOMALY	21	2	0	0			1	1301	
samples/task2097/21217935_simsa_jipyo.hwp	ANOMALY	8	4	0	0			1	861	
samples/task2097/21298295_byeolpyo5_disaster.hwp	ANOMALY	2	2	0	0			1	204	
samples/task2097/3023771_wichokjang.hwpx	ANOMALY	2	2	0	0			1	88	
samples/task2097/3080901_pii_ledger.hwp	CLEAN	1	0	0	0			0	132	
samples/task2097/3248363_upmu_bunjang.hwpx	ANOMALY	4	1	0	0			1	267	
samples/task2097/75544_pii_bunseok.hwpx	ANOMALY	66	9	0	1			1	2170	
samples/task2097/none_table_declared_fits.hwpx	ANOMALY	2	1	0	0			1	57	
samples/task2097/rowbreak_midpage_declared_fits.hwpx	ANOMALY	2	0	1	0			1	50	
samples/task2098/page_bottom_fixed_anchor_margin_split.hwpx	CLEAN	2	0	0	0			0	47	
samples/task2098/page_bottom_fixed_anchor_vpos0.hwpx	CLEAN	1	0	0	0			0	47	
samples/task2105/rowbreak_table_declared_fits.hwpx	ANOMALY	2	1	0	0			1	56	
samples/task2136/neartop_reset_sb2500.hwpx	CLEAN	2	0	0	0			0	47	
samples/task2137/156618554_petfood_press.hwp	ANOMALY	1	1	0	0			1	136	
samples/task2137/156637323_unification_lecture.hwpx	CLEAN	1	0	0	0			0	158	
samples/task2146/21761835_jeonjik_exemption_table.hwp	ANOMALY	6	6	0	0			1	619	
samples/task2156/width_ladder.hwpx	CLEAN	1	0	0	0			0	164	
samples/task2169/anchor_ladder.hwpx	CLEAN	1	0	0	0			0	56	
samples/task2169/empty_ladder.hwpx	CLEAN	1	0	0	0			0	53	
samples/task2243/156631374_taxi_press.hwpx	ANOMALY	1	0	1	0			1	137	
samples/task2243/36382819_gyeoljae_pm_traffic.hwpx	ANOMALY	3	2	0	0			1	181	
samples/task2243/36386907_gyeoljae_sewoon.hwpx	CLEAN	5	0	0	0			0	276	
samples/task2243/36395325_gyeoljae_consulting.hwpx	CLEAN	5	0	0	0			0	243	
samples/task2279/36353832_gyeoljae.hwpx	CLEAN	2	0	0	0			0	151	
samples/task2279/36358528_gyeoljae.hwpx	ANOMALY	2	1	0	0			1	155	
samples/task2279/36365360_gyeoljae.hwpx	CLEAN	2	0	0	0			0	146	
samples/task2279/36376848_gyeoljae.hwpx	CLEAN	1	0	0	0			0	130	
samples/task2279/36378128_gyeoljae.hwpx	CLEAN	2	0	0	0			0	158	
samples/task2279/36378481_gyeoljae.hwpx	CLEAN	2	0	0	0			0	133	
samples/task2279/36394733_gyeoljae.hwpx	CLEAN	2	0	0	0			0	125	
samples/task2279/36395825_gyeoljae.hwpx	ANOMALY	2	1	0	0			1	128	
samples/task2279/36398724_gyeoljae.hwpx	CLEAN	2	0	0	0			0	136	
samples/task2279/36404953_gyeoljae.hwpx	ANOMALY	1	0	2	0			1	155	
samples/task2279/36406174_gyeoljae.hwpx	CLEAN	2	0	0	0			0	136	
samples/task2279/36407074_gyeoljae.hwpx	ANOMALY	2	2	0	0			1	141	
samples/task2279/36410902_gyeoljae.hwpx	CLEAN	2	0	0	0			0	142	
samples/task2279/36417406_gyeoljae.hwpx	ANOMALY	2	1	0	0			1	182	
samples/task2279/36423194_gyeoljae.hwpx	CLEAN	2	0	0	0			0	142	
samples/task2279/36423558_gyeoljae.hwpx	CLEAN	2	0	0	0			0	129	
samples/task2279/36425476_gyeoljae.hwpx	CLEAN	2	0	0	0			0	152	
samples/task2279/36433160_gyeoljae.hwpx	CLEAN	2	0	0	0			0	133	
samples/task2279/36434078_gyeoljae.hwpx	CLEAN	2	0	0	0			0	130	
samples/task2279/36437313_gyeoljae.hwpx	CLEAN	2	0	0	0			0	169	
samples/task2279/36446358_gyeoljae.hwpx	CLEAN	2	0	0	0			0	138	
samples/task2279/36455850_gyeoljae.hwpx	CLEAN	2	0	0	0			0	146	
samples/task2279/36456688_gyeoljae.hwpx	CLEAN	2	0	0	0			0	138	
samples/task2279/36477251_gyeoljae.hwpx	CLEAN	2	0	0	0			0	149	
samples/task2279/36477373_gyeoljae.hwpx	CLEAN	2	0	0	0			0	162	
samples/task2287/1342000_edu_curriculum_map.hwp	ANOMALY	413	90	0	0			1	46662	
samples/task2311/156744475_nano_plan_poster.hwpx	ANOMALY	3	5	0	0			1	332	
samples/task2319/20544835_jinan_apt_form.hwp	ANOMALY	2	2	0	0			1	328	
samples/task2322/19439117_gokseong_voucher_form.hwp	ANOMALY	2	2	0	0			1	318	
samples/task2322/20862337_cheongyang_voucher_form.hwp	ANOMALY	2	2	0	0			1	499	
samples/task2430/1382000_domestic_violence_survey.hwp	ANOMALY	39	14	0	0			1	2152	
samples/task3236/issue3236_split_table.hwpx	CLEAN	2	0	0	0			0	266	
samples/task3307/issue3307_outline_number.hwpx	ANOMALY	9	3	0	0			1	394	
samples/tb-img-03.hwp	CLEAN	1	0	0	0			0	100	
samples/test-image.hwp	CLEAN	5	0	0	0			0	95	
samples/test-image.hwpx	CLEAN	5	0	0	0			0	118	
samples/test-image2.hwp	ANOMALY	1	2	0	0			1	123	
samples/text-align-2.hwp	CLEAN	1	0	0	0			0	185	
samples/text-align.hwp	CLEAN	1	0	0	0			0	166	
samples/textbox-under-image.hwp	CLEAN	1	0	0	0			0	88	
samples/unicode/각 항목에 명시되어 있는_유니코드.hwp	CLEAN	1	0	0	0			0	85	
samples/valign_fixtures/cell_vbottom_nested_overcount.hwpx	CLEAN	1	0	0	0			0	95	
samples/valign_fixtures/cell_vcenter_multi_nested_overcount.hwpx	CLEAN	1	0	0	0			0	106	
samples/valign_fixtures/cell_vcenter_nested_undercount.hwpx	CLEAN	1	0	0	0			0	83	
samples/valign_fixtures/centered_cell_nested_table.hwpx	CLEAN	1	0	0	0			0	86	
samples/water-mark.hwp	CLEAN	1	0	0	0			0	121	
samples/누름틀-2024.hwp	CLEAN	1	0	0	0			0	96	
samples/누름틀-2024.hwpx	CLEAN	1	0	0	0			0	92	
samples/대각선샘플.hwp	CLEAN	1	0	0	0			0	99	
samples/대각선샘플.hwpx	CLEAN	1	0	0	0			0	124	
samples/대각선샘플3.hwp	CLEAN	1	0	0	0			0	206	
samples/대각선샘플3.hwpx	CLEAN	1	0	0	0			0	166	
samples/대각선샘플4.hwp	CLEAN	1	0	0	0			0	193	
samples/대각선샘플4.hwpx	CLEAN	1	0	0	0			0	166	
samples/대각선샘플5.hwp	CLEAN	1	0	0	0			0	164	
samples/대각선샘플5.hwpx	CLEAN	1	0	0	0			0	148	
samples/복학원서.hwp	ANOMALY	1	0	1	0			1	242	
samples/복학원서.hwpx	ANOMALY	1	0	1	0			1	220	
samples/셀보호.hwp	CLEAN	1	0	0	0			0	121	
samples/셀보호.hwpx	CLEAN	1	0	0	0			0	106	
samples/셀보호2.hwp	ANOMALY	1	1	0	0			1	118	
samples/셀보호2.hwpx	ANOMALY	1	1	0	0			1	101	
samples/수식-문자처럼취급-아님.hwp	CLEAN	1	0	0	0			0	89	
samples/수식-문자처럼취급-아님.hwpx	CLEAN	1	0	0	0			0	78	
samples/정책연구용역사업 중간진도보고서(살아있는 간장 기증자의 의학적 선별기준 연구).hwp	ANOMALY	215	19	4	0			1	10098	
samples/정책연구용역사업 중간진도보고서(살아있는 간장 기증자의 의학적 선별기준 연구).hwpx	ANOMALY	222	21	11	0			1	6398	
samples/종이기준.hwp	CLEAN	1	0	0	0			0	57	
samples/종이기준.hwpx	CLEAN	1	0	0	0			0	57	
samples/쪽기준.hwp	CLEAN	1	0	0	0			0	57	
samples/쪽기준.hwpx	CLEAN	1	0	0	0			0	59	
samples/추진일정.hwp	ANOMALY	1	3	0	0			1	84	
samples/추진일정.hwpx	ANOMALY	1	3	0	0			1	88	
samples/통합재정통계(2010.11월).hwp	CLEAN	1	0	0	0			0	126	
samples/통합재정통계(2011.10월).hwp	CLEAN	1	0	0	0			0	115	
samples/통합재정통계(2014.8월).hwp	CLEAN	1	0	0	0			0	122	
samples/투명도0-50-2nd그림글차처럼off.hwp	CLEAN	1	0	0	0			0	63	
samples/투명도0-50-2nd그림글차처럼off.hwpx	CLEAN	1	0	0	0			0	59	
samples/투명도0-50.hwp	CLEAN	1	0	0	0			0	61	
samples/투명도0-50.hwpx	CLEAN	1	0	0	0			0	59	
samples/표-텍스트.hwpx	ANOMALY	1	1	0	0			1	78	
samples/한글문서파일형식_5.0_revision1.3.hwp	ANOMALY	69	9	1	1			1	3057	
samples/한셀OLE.hwp	CLEAN	1	0	0	0			0	81	
samples/한셀OLE.hwpx	CLEAN	1	0	0	0			0	74	
