id	sample	pdf	stem	hancomVersion	variant	sourceFormat	oracleRoot	family
samples/2010-01-06.hwp::pdf/2010-01-06-2022.pdf	samples/2010-01-06.hwp	pdf/2010-01-06-2022.pdf	2010-01-06	2022	2022	hwp	pdf	other
samples/2022년 국립국어원 업무계획.hwp::pdf/2022년 국립국어원 업무계획-2022.pdf	samples/2022년 국립국어원 업무계획.hwp	pdf/2022년 국립국어원 업무계획-2022.pdf	2022년 국립국어원 업무계획	2022	2022	hwp	pdf	admin
samples/2025 행정업무운영 편람(최종).hwp::pdf/2025 행정업무운영 편람(최종)-2024.pdf	samples/2025 행정업무운영 편람(최종).hwp	pdf/2025 행정업무운영 편람(최종)-2024.pdf	2025 행정업무운영 편람(최종)	2024	2024	hwp	pdf	handbook
samples/2025 행정업무운영 편람(최종).hwp::pdf/2025 행정업무운영 편람(최종)-2020-kopub.pdf	samples/2025 행정업무운영 편람(최종).hwp	pdf/2025 행정업무운영 편람(최종)-2020-kopub.pdf	2025 행정업무운영 편람(최종)	2020	2020-kopub	hwp	pdf	handbook
samples/2025 행정업무운영 편람(최종).hwp::pdf/2025 행정업무운영 편람(최종)-hwp-2020.pdf	samples/2025 행정업무운영 편람(최종).hwp	pdf/2025 행정업무운영 편람(최종)-hwp-2020.pdf	2025 행정업무운영 편람(최종)	2020	hwp-2020	hwp	pdf	handbook
samples/2025 행정업무운영 편람(최종).hwp::pdf/2025 행정업무운영 편람(최종)-hwp-kopub-2020.pdf	samples/2025 행정업무운영 편람(최종).hwp	pdf/2025 행정업무운영 편람(최종)-hwp-kopub-2020.pdf	2025 행정업무운영 편람(최종)	2020	hwp-kopub-2020	hwp	pdf	handbook
samples/2025 행정업무운영 편람(최종).hwpx::pdf/2025 행정업무운영 편람(최종)-2024.pdf	samples/2025 행정업무운영 편람(최종).hwpx	pdf/2025 행정업무운영 편람(최종)-2024.pdf	2025 행정업무운영 편람(최종)	2024	2024	hwpx	pdf	handbook
samples/2025 행정업무운영 편람(최종).hwpx::pdf/2025 행정업무운영 편람(최종)-2020-kopub.pdf	samples/2025 행정업무운영 편람(최종).hwpx	pdf/2025 행정업무운영 편람(최종)-2020-kopub.pdf	2025 행정업무운영 편람(최종)	2020	2020-kopub	hwpx	pdf	handbook
samples/2025 행정업무운영 편람(최종).hwpx::pdf/2025 행정업무운영 편람(최종)-hwpx-kopub-2020.pdf	samples/2025 행정업무운영 편람(최종).hwpx	pdf/2025 행정업무운영 편람(최종)-hwpx-kopub-2020.pdf	2025 행정업무운영 편람(최종)	2020	hwpx-kopub-2020	hwpx	pdf	handbook
samples/20250130-hongbo.hwp::pdf/20250130-hongbo-2022.pdf	samples/20250130-hongbo.hwp	pdf/20250130-hongbo-2022.pdf	20250130-hongbo	2022	2022	hwp	pdf	other
samples/2025년 기부·답례품 실적 지자체 보고서_양식.hwpx::pdf/2025년 기부·답례품 실적 지자체 보고서_양식-2022.pdf	samples/2025년 기부·답례품 실적 지자체 보고서_양식.hwpx	pdf/2025년 기부·답례품 실적 지자체 보고서_양식-2022.pdf	2025년 기부·답례품 실적 지자체 보고서_양식	2022	2022	hwpx	pdf	other
samples/21_언어_기출_편집가능본.hwp::pdf/21_언어_기출_편집가능본-2022.pdf	samples/21_언어_기출_편집가능본.hwp	pdf/21_언어_기출_편집가능본-2022.pdf	21_언어_기출_편집가능본	2022	2022	hwp	pdf	other
samples/3-09월_교육_통합_2022.hwp::pdf/3-09월_교육_통합_2022.pdf	samples/3-09월_교육_통합_2022.hwp	pdf/3-09월_교육_통합_2022.pdf	3-09월_교육_통합_2022	2022	exact	hwp	pdf	education
samples/3-09월_교육_통합_2022.hwpx::pdf/3-09월_교육_통합_2022.pdf	samples/3-09월_교육_통합_2022.hwpx	pdf/3-09월_교육_통합_2022.pdf	3-09월_교육_통합_2022	2022	exact	hwpx	pdf	education
samples/3-09월_교육_통합_2024-구분선아래20.hwp::pdf/3-09월_교육_통합_2024-구분선아래20-2024.pdf	samples/3-09월_교육_통합_2024-구분선아래20.hwp	pdf/3-09월_교육_통합_2024-구분선아래20-2024.pdf	3-09월_교육_통합_2024-구분선아래20	2024	2024	hwp	pdf	education
samples/3-09월_교육_통합_2024-구분선아래20.hwp::pdf-large/3-09월_교육_통합_2024-구분선아래20-2024.pdf	samples/3-09월_교육_통합_2024-구분선아래20.hwp	pdf-large/3-09월_교육_통합_2024-구분선아래20-2024.pdf	3-09월_교육_통합_2024-구분선아래20	2024	2024	hwp	pdf-large	education
samples/3-09월_교육_통합_2024-구분선아래20구분선위20.hwp::pdf/3-09월_교육_통합_2024-구분선아래20구분선위20.pdf	samples/3-09월_교육_통합_2024-구분선아래20구분선위20.hwp	pdf/3-09월_교육_통합_2024-구분선아래20구분선위20.pdf	3-09월_교육_통합_2024-구분선아래20구분선위20	2024	exact	hwp	pdf	education
samples/3-09월_교육_통합_2024-구분선아래20구분선위20.hwpx::pdf/3-09월_교육_통합_2024-구분선아래20구분선위20.pdf	samples/3-09월_교육_통합_2024-구분선아래20구분선위20.hwpx	pdf/3-09월_교육_통합_2024-구분선아래20구분선위20.pdf	3-09월_교육_통합_2024-구분선아래20구분선위20	2024	exact	hwpx	pdf	education
samples/3-09월_교육_통합_2024-미주사이20.hwp::pdf/3-09월_교육_통합_2024-미주사이20-2024.pdf	samples/3-09월_교육_통합_2024-미주사이20.hwp	pdf/3-09월_교육_통합_2024-미주사이20-2024.pdf	3-09월_교육_통합_2024-미주사이20	2024	2024	hwp	pdf	footnote
samples/3-09월_교육_통합_2024-미주사이20.hwp::pdf-large/3-09월_교육_통합_2024-미주사이20-2024.pdf	samples/3-09월_교육_통합_2024-미주사이20.hwp	pdf-large/3-09월_교육_통합_2024-미주사이20-2024.pdf	3-09월_교육_통합_2024-미주사이20	2024	2024	hwp	pdf-large	footnote
samples/3-10월_교육_통합_2022.hwp::pdf/3-10월_교육_통합_2022.pdf	samples/3-10월_교육_통합_2022.hwp	pdf/3-10월_교육_통합_2022.pdf	3-10월_교육_통합_2022	2022	exact	hwp	pdf	education
samples/3-10월_교육_통합_2022.hwpx::pdf/3-10월_교육_통합_2022.pdf	samples/3-10월_교육_통합_2022.hwpx	pdf/3-10월_교육_통합_2022.pdf	3-10월_교육_통합_2022	2022	exact	hwpx	pdf	education
samples/3-11월_실전_통합_2022.hwp::pdf/3-11월_실전_통합_2022.pdf	samples/3-11월_실전_통합_2022.hwp	pdf/3-11월_실전_통합_2022.pdf	3-11월_실전_통합_2022	2022	exact	hwp	pdf	education
samples/3-11월_실전_통합_2022.hwpx::pdf/3-11월_실전_통합_2022.pdf	samples/3-11월_실전_통합_2022.hwpx	pdf/3-11월_실전_통합_2022.pdf	3-11월_실전_통합_2022	2022	exact	hwpx	pdf	education
samples/3-11월_실전_통합_2024-구분선없음구분선위20미주사이20구분선아래20.hwp::pdf/3-11월_실전_통합_2024-구분선없음구분선위20미주사이20구분선아래20.pdf	samples/3-11월_실전_통합_2024-구분선없음구분선위20미주사이20구분선아래20.hwp	pdf/3-11월_실전_통합_2024-구분선없음구분선위20미주사이20구분선아래20.pdf	3-11월_실전_통합_2024-구분선없음구분선위20미주사이20구분선아래20	2024	exact	hwp	pdf	footnote
samples/3-11월_실전_통합_2024-구분선없음구분선위20미주사이20구분선아래20.hwpx::pdf/3-11월_실전_통합_2024-구분선없음구분선위20미주사이20구분선아래20.pdf	samples/3-11월_실전_통합_2024-구분선없음구분선위20미주사이20구분선아래20.hwpx	pdf/3-11월_실전_통합_2024-구분선없음구분선위20미주사이20구분선아래20.pdf	3-11월_실전_통합_2024-구분선없음구분선위20미주사이20구분선아래20	2024	exact	hwpx	pdf	footnote
samples/3-11월_실전_통합_2024-구분선위0미주사이0구분선아래0.hwp::pdf/3-11월_실전_통합_2024-구분선위0미주사이0구분선아래0.pdf	samples/3-11월_실전_통합_2024-구분선위0미주사이0구분선아래0.hwp	pdf/3-11월_실전_통합_2024-구분선위0미주사이0구분선아래0.pdf	3-11월_실전_통합_2024-구분선위0미주사이0구분선아래0	2024	exact	hwp	pdf	footnote
samples/3-11월_실전_통합_2024-구분선위0미주사이0구분선아래0.hwpx::pdf/3-11월_실전_통합_2024-구분선위0미주사이0구분선아래0.pdf	samples/3-11월_실전_통합_2024-구분선위0미주사이0구분선아래0.hwpx	pdf/3-11월_실전_통합_2024-구분선위0미주사이0구분선아래0.pdf	3-11월_실전_통합_2024-구분선위0미주사이0구분선아래0	2024	exact	hwpx	pdf	footnote
samples/3-11월_실전_통합_2024-구분선위0미주사이20구분선아래2.hwp::pdf/3-11월_실전_통합_2024-구분선위0미주사이20구분선아래2.pdf	samples/3-11월_실전_통합_2024-구분선위0미주사이20구분선아래2.hwp	pdf/3-11월_실전_통합_2024-구분선위0미주사이20구분선아래2.pdf	3-11월_실전_통합_2024-구분선위0미주사이20구분선아래2	2024	exact	hwp	pdf	footnote
samples/3-11월_실전_통합_2024-구분선위0미주사이20구분선아래2.hwpx::pdf/3-11월_실전_통합_2024-구분선위0미주사이20구분선아래2.pdf	samples/3-11월_실전_통합_2024-구분선위0미주사이20구분선아래2.hwpx	pdf/3-11월_실전_통합_2024-구분선위0미주사이20구분선아래2.pdf	3-11월_실전_통합_2024-구분선위0미주사이20구분선아래2	2024	exact	hwpx	pdf	footnote
samples/3-11월_실전_통합_2024-구분선위0미주사이7구분선아래2.hwp::pdf/3-11월_실전_통합_2024-구분선위0미주사이7구분선아래2.pdf	samples/3-11월_실전_통합_2024-구분선위0미주사이7구분선아래2.hwp	pdf/3-11월_실전_통합_2024-구분선위0미주사이7구분선아래2.pdf	3-11월_실전_통합_2024-구분선위0미주사이7구분선아래2	2024	exact	hwp	pdf	footnote
samples/3-11월_실전_통합_2024-구분선위0미주사이7구분선아래2.hwpx::pdf/3-11월_실전_통합_2024-구분선위0미주사이7구분선아래2.pdf	samples/3-11월_실전_통합_2024-구분선위0미주사이7구분선아래2.hwpx	pdf/3-11월_실전_통합_2024-구분선위0미주사이7구분선아래2.pdf	3-11월_실전_통합_2024-구분선위0미주사이7구분선아래2	2024	exact	hwpx	pdf	footnote
samples/3-11월_실전_통합_2024-구분선위0미주사이7구분선아래20.hwp::pdf/3-11월_실전_통합_2024-구분선위0미주사이7구분선아래20.pdf	samples/3-11월_실전_통합_2024-구분선위0미주사이7구분선아래20.hwp	pdf/3-11월_실전_통합_2024-구분선위0미주사이7구분선아래20.pdf	3-11월_실전_통합_2024-구분선위0미주사이7구분선아래20	2024	exact	hwp	pdf	footnote
samples/3-11월_실전_통합_2024-구분선위0미주사이7구분선아래20.hwpx::pdf/3-11월_실전_통합_2024-구분선위0미주사이7구분선아래20.pdf	samples/3-11월_실전_통합_2024-구분선위0미주사이7구분선아래20.hwpx	pdf/3-11월_실전_통합_2024-구분선위0미주사이7구분선아래20.pdf	3-11월_실전_통합_2024-구분선위0미주사이7구분선아래20	2024	exact	hwpx	pdf	footnote
samples/3-11월_실전_통합_2024-구분선위20미주사이0구분선아래20.hwp::pdf/3-11월_실전_통합_2024-구분선위20미주사이0구분선아래20.pdf	samples/3-11월_실전_통합_2024-구분선위20미주사이0구분선아래20.hwp	pdf/3-11월_실전_통합_2024-구분선위20미주사이0구분선아래20.pdf	3-11월_실전_통합_2024-구분선위20미주사이0구분선아래20	2024	exact	hwp	pdf	footnote
samples/3-11월_실전_통합_2024-구분선위20미주사이0구분선아래20.hwpx::pdf/3-11월_실전_통합_2024-구분선위20미주사이0구분선아래20.pdf	samples/3-11월_실전_통합_2024-구분선위20미주사이0구분선아래20.hwpx	pdf/3-11월_실전_통합_2024-구분선위20미주사이0구분선아래20.pdf	3-11월_실전_통합_2024-구분선위20미주사이0구분선아래20	2024	exact	hwpx	pdf	footnote
samples/3-11월_실전_통합_2024-구분선위20미주사이7구분선아래2.hwp::pdf/3-11월_실전_통합_2024-구분선위20미주사이7구분선아래2.pdf	samples/3-11월_실전_통합_2024-구분선위20미주사이7구분선아래2.hwp	pdf/3-11월_실전_통합_2024-구분선위20미주사이7구분선아래2.pdf	3-11월_실전_통합_2024-구분선위20미주사이7구분선아래2	2024	exact	hwp	pdf	footnote
samples/3-11월_실전_통합_2024-구분선위20미주사이7구분선아래2.hwpx::pdf/3-11월_실전_통합_2024-구분선위20미주사이7구분선아래2.pdf	samples/3-11월_실전_통합_2024-구분선위20미주사이7구분선아래2.hwpx	pdf/3-11월_실전_통합_2024-구분선위20미주사이7구분선아래2.pdf	3-11월_실전_통합_2024-구분선위20미주사이7구분선아래2	2024	exact	hwpx	pdf	footnote
samples/3-11월_실전_통합_2024-구분선위9미주사이8구분선아래7.hwp::pdf/3-11월_실전_통합_2024-구분선위9미주사이8구분선아래7.pdf	samples/3-11월_실전_통합_2024-구분선위9미주사이8구분선아래7.hwp	pdf/3-11월_실전_통합_2024-구분선위9미주사이8구분선아래7.pdf	3-11월_실전_통합_2024-구분선위9미주사이8구분선아래7	2024	exact	hwp	pdf	footnote
samples/3-11월_실전_통합_2024-구분선위9미주사이8구분선아래7.hwpx::pdf/3-11월_실전_통합_2024-구분선위9미주사이8구분선아래7.pdf	samples/3-11월_실전_통합_2024-구분선위9미주사이8구분선아래7.hwpx	pdf/3-11월_실전_통합_2024-구분선위9미주사이8구분선아래7.pdf	3-11월_실전_통합_2024-구분선위9미주사이8구분선아래7	2024	exact	hwpx	pdf	footnote
samples/80168_regulatory_analysis.hwp::pdf/80168_regulatory_analysis-2022.pdf	samples/80168_regulatory_analysis.hwp	pdf/80168_regulatory_analysis-2022.pdf	80168_regulatory_analysis	2022	2022	hwp	pdf	regulatory
samples/[2027] 온새미로 1 본교재.hwp::pdf/[2027] 온새미로 1 본교재-2024.pdf	samples/[2027] 온새미로 1 본교재.hwp	pdf/[2027] 온새미로 1 본교재-2024.pdf	[2027] 온새미로 1 본교재	2024	2024	hwp	pdf	other
samples/[2027] 온새미로 1 본교재.hwpx::pdf/[2027] 온새미로 1 본교재-2024.pdf	samples/[2027] 온새미로 1 본교재.hwpx	pdf/[2027] 온새미로 1 본교재-2024.pdf	[2027] 온새미로 1 본교재	2024	2024	hwpx	pdf	other
samples/aift.hwp::pdf/aift-2022.pdf	samples/aift.hwp	pdf/aift-2022.pdf	aift	2022	2022	hwp	pdf	other
samples/atop-equation-01.hwp::pdf/atop-equation-01-2022.pdf	samples/atop-equation-01.hwp	pdf/atop-equation-01-2022.pdf	atop-equation-01	2022	2022	hwp	pdf	equation
samples/basic/BlogForm_BookReview.hwp::pdf/basic/BlogForm_BookReview-2022.pdf	samples/basic/BlogForm_BookReview.hwp	pdf/basic/BlogForm_BookReview-2022.pdf	BlogForm_BookReview	2022	2022	hwp	pdf	basic
samples/basic/BlogForm_MovieReview.hwp::pdf/basic/BlogForm_MovieReview-2022.pdf	samples/basic/BlogForm_MovieReview.hwp	pdf/basic/BlogForm_MovieReview-2022.pdf	BlogForm_MovieReview	2022	2022	hwp	pdf	basic
samples/basic/BlogForm_Recipe.hwp::pdf/basic/BlogForm_Recipe-2022.pdf	samples/basic/BlogForm_Recipe.hwp	pdf/basic/BlogForm_Recipe-2022.pdf	BlogForm_Recipe	2022	2022	hwp	pdf	basic
samples/basic/BookReview.hwp::pdf/basic/BookReview-2022.pdf	samples/basic/BookReview.hwp	pdf/basic/BookReview-2022.pdf	BookReview	2022	2022	hwp	pdf	basic
samples/basic/calendar_year.hwp::pdf/basic/calendar_year-2022.pdf	samples/basic/calendar_year.hwp	pdf/basic/calendar_year-2022.pdf	calendar_year	2022	2022	hwp	pdf	basic
samples/basic/english.hwp::pdf/basic/english-2022.pdf	samples/basic/english.hwp	pdf/basic/english-2022.pdf	english	2022	2022	hwp	pdf	basic
samples/basic/Hyper(hwp2010).hwp::pdf/basic/Hyper(hwp2010)-2022.pdf	samples/basic/Hyper(hwp2010).hwp	pdf/basic/Hyper(hwp2010)-2022.pdf	Hyper(hwp2010)	2022	2022	hwp	pdf	basic
samples/basic/interview.hwp::pdf/basic/interview-2022.pdf	samples/basic/interview.hwp	pdf/basic/interview-2022.pdf	interview	2022	2022	hwp	pdf	basic
samples/basic/issue2007_nested_cell_pagination_42065.hwp::pdf/basic/issue2007_nested_cell_pagination_42065-2020.pdf	samples/basic/issue2007_nested_cell_pagination_42065.hwp	pdf/basic/issue2007_nested_cell_pagination_42065-2020.pdf	issue2007_nested_cell_pagination_42065	2020	2020	hwp	pdf	basic
samples/basic/KTX-003.hwp::pdf/basic/KTX-003-2022.pdf	samples/basic/KTX-003.hwp	pdf/basic/KTX-003-2022.pdf	KTX-003	2022	2022	hwp	pdf	basic
samples/basic/KTX.hwp::pdf/basic/KTX-2022.pdf	samples/basic/KTX.hwp	pdf/basic/KTX-2022.pdf	KTX	2022	2022	hwp	pdf	basic
samples/basic/NewYear_s_Day.hwp::pdf/basic/NewYear_s_Day-2022.pdf	samples/basic/NewYear_s_Day.hwp	pdf/basic/NewYear_s_Day-2022.pdf	NewYear_s_Day	2022	2022	hwp	pdf	basic
samples/basic/request.hwp::pdf/basic/request-2022.pdf	samples/basic/request.hwp	pdf/basic/request-2022.pdf	request	2022	2022	hwp	pdf	basic
samples/basic/shortcut.hwp::pdf/basic/shortcut-2022.pdf	samples/basic/shortcut.hwp	pdf/basic/shortcut-2022.pdf	shortcut	2022	2022	hwp	pdf	basic
samples/basic/sungeo.hwp::pdf/basic/sungeo-2022.pdf	samples/basic/sungeo.hwp	pdf/basic/sungeo-2022.pdf	sungeo	2022	2022	hwp	pdf	basic
samples/basic/Textmail.hwp::pdf/basic/Textmail-2022.pdf	samples/basic/Textmail.hwp	pdf/basic/Textmail-2022.pdf	Textmail	2022	2022	hwp	pdf	basic
samples/basic/treatise sample.hwp::pdf/basic/treatise sample-2022.pdf	samples/basic/treatise sample.hwp	pdf/basic/treatise sample-2022.pdf	treatise sample	2022	2022	hwp	pdf	basic
samples/basic/Worldcup_FIFA2010_32.hwp::pdf/basic/Worldcup_FIFA2010_32-2022.pdf	samples/basic/Worldcup_FIFA2010_32.hwp	pdf/basic/Worldcup_FIFA2010_32-2022.pdf	Worldcup_FIFA2010_32	2022	2022	hwp	pdf	basic
samples/bitmap.hwp::pdf/bitmap-2022.pdf	samples/bitmap.hwp	pdf/bitmap-2022.pdf	bitmap	2022	2022	hwp	pdf	other
samples/biz_plan.hwp::pdf/biz_plan-2022.pdf	samples/biz_plan.hwp	pdf/biz_plan-2022.pdf	biz_plan	2022	2022	hwp	pdf	other
samples/calc-cell.hwp::pdf/calc-cell-2022.pdf	samples/calc-cell.hwp	pdf/calc-cell-2022.pdf	calc-cell	2022	2022	hwp	pdf	other
samples/chart/가로막대형/3차원누적가로막대형.hwp::pdf/chart/가로막대형/3차원누적가로막대형-2022.pdf	samples/chart/가로막대형/3차원누적가로막대형.hwp	pdf/chart/가로막대형/3차원누적가로막대형-2022.pdf	3차원누적가로막대형	2022	2022	hwp	pdf	dir:chart
samples/chart/가로막대형/3차원누적가로막대형.hwpx::pdf/chart/가로막대형/3차원누적가로막대형-2022.pdf	samples/chart/가로막대형/3차원누적가로막대형.hwpx	pdf/chart/가로막대형/3차원누적가로막대형-2022.pdf	3차원누적가로막대형	2022	2022	hwpx	pdf	dir:chart
samples/chart/가로막대형/3차원묶은가로막대형.hwp::pdf/chart/가로막대형/3차원묶은가로막대형-2022.pdf	samples/chart/가로막대형/3차원묶은가로막대형.hwp	pdf/chart/가로막대형/3차원묶은가로막대형-2022.pdf	3차원묶은가로막대형	2022	2022	hwp	pdf	dir:chart
samples/chart/가로막대형/3차원묶은가로막대형.hwpx::pdf/chart/가로막대형/3차원묶은가로막대형-2022.pdf	samples/chart/가로막대형/3차원묶은가로막대형.hwpx	pdf/chart/가로막대형/3차원묶은가로막대형-2022.pdf	3차원묶은가로막대형	2022	2022	hwpx	pdf	dir:chart
samples/chart/가로막대형/누적가로막대형.hwp::pdf/chart/가로막대형/누적가로막대형-2022.pdf	samples/chart/가로막대형/누적가로막대형.hwp	pdf/chart/가로막대형/누적가로막대형-2022.pdf	누적가로막대형	2022	2022	hwp	pdf	dir:chart
samples/chart/가로막대형/누적가로막대형.hwpx::pdf/chart/가로막대형/누적가로막대형-2022.pdf	samples/chart/가로막대형/누적가로막대형.hwpx	pdf/chart/가로막대형/누적가로막대형-2022.pdf	누적가로막대형	2022	2022	hwpx	pdf	dir:chart
samples/chart/가로막대형/묶은가로막대형.hwp::pdf/chart/가로막대형/묶은가로막대형-2022.pdf	samples/chart/가로막대형/묶은가로막대형.hwp	pdf/chart/가로막대형/묶은가로막대형-2022.pdf	묶은가로막대형	2022	2022	hwp	pdf	dir:chart
samples/chart/가로막대형/묶은가로막대형.hwpx::pdf/chart/가로막대형/묶은가로막대형-2022.pdf	samples/chart/가로막대형/묶은가로막대형.hwpx	pdf/chart/가로막대형/묶은가로막대형-2022.pdf	묶은가로막대형	2022	2022	hwpx	pdf	dir:chart
samples/chart/가로막대형/백프로기준누적가로막대형.hwp::pdf/chart/가로막대형/백프로기준누적가로막대형-2022.pdf	samples/chart/가로막대형/백프로기준누적가로막대형.hwp	pdf/chart/가로막대형/백프로기준누적가로막대형-2022.pdf	백프로기준누적가로막대형	2022	2022	hwp	pdf	dir:chart
samples/chart/가로막대형/백프로기준누적가로막대형.hwpx::pdf/chart/가로막대형/백프로기준누적가로막대형-2022.pdf	samples/chart/가로막대형/백프로기준누적가로막대형.hwpx	pdf/chart/가로막대형/백프로기준누적가로막대형-2022.pdf	백프로기준누적가로막대형	2022	2022	hwpx	pdf	dir:chart
samples/chart/기타/고가저가종가.hwp::pdf/chart/기타/고가저가종가-2022.pdf	samples/chart/기타/고가저가종가.hwp	pdf/chart/기타/고가저가종가-2022.pdf	고가저가종가	2022	2022	hwp	pdf	dir:chart
samples/chart/기타/고가저가종가.hwpx::pdf/chart/기타/고가저가종가-2022.pdf	samples/chart/기타/고가저가종가.hwpx	pdf/chart/기타/고가저가종가-2022.pdf	고가저가종가	2022	2022	hwpx	pdf	dir:chart
samples/chart/기타/시가고가저가종가.hwp::pdf/chart/기타/시가고가저가종가-2022.pdf	samples/chart/기타/시가고가저가종가.hwp	pdf/chart/기타/시가고가저가종가-2022.pdf	시가고가저가종가	2022	2022	hwp	pdf	dir:chart
samples/chart/기타/시가고가저가종가.hwpx::pdf/chart/기타/시가고가저가종가-2022.pdf	samples/chart/기타/시가고가저가종가.hwpx	pdf/chart/기타/시가고가저가종가-2022.pdf	시가고가저가종가	2022	2022	hwpx	pdf	dir:chart
samples/chart/라인/꺽은선형.hwp::pdf/chart/라인/꺽은선형-2022.pdf	samples/chart/라인/꺽은선형.hwp	pdf/chart/라인/꺽은선형-2022.pdf	꺽은선형	2022	2022	hwp	pdf	dir:chart
samples/chart/라인/꺽은선형.hwpx::pdf/chart/라인/꺽은선형-2022.pdf	samples/chart/라인/꺽은선형.hwpx	pdf/chart/라인/꺽은선형-2022.pdf	꺽은선형	2022	2022	hwpx	pdf	dir:chart
samples/chart/라인/누적꺽은선형.hwp::pdf/chart/라인/누적꺽은선형-2022.pdf	samples/chart/라인/누적꺽은선형.hwp	pdf/chart/라인/누적꺽은선형-2022.pdf	누적꺽은선형	2022	2022	hwp	pdf	dir:chart
samples/chart/라인/누적꺽은선형.hwpx::pdf/chart/라인/누적꺽은선형-2022.pdf	samples/chart/라인/누적꺽은선형.hwpx	pdf/chart/라인/누적꺽은선형-2022.pdf	누적꺽은선형	2022	2022	hwpx	pdf	dir:chart
samples/chart/라인/백프로기준누적꺽은선형.hwp::pdf/chart/라인/백프로기준누적꺽은선형-2022.pdf	samples/chart/라인/백프로기준누적꺽은선형.hwp	pdf/chart/라인/백프로기준누적꺽은선형-2022.pdf	백프로기준누적꺽은선형	2022	2022	hwp	pdf	dir:chart
samples/chart/라인/백프로기준누적꺽은선형.hwpx::pdf/chart/라인/백프로기준누적꺽은선형-2022.pdf	samples/chart/라인/백프로기준누적꺽은선형.hwpx	pdf/chart/라인/백프로기준누적꺽은선형-2022.pdf	백프로기준누적꺽은선형	2022	2022	hwpx	pdf	dir:chart
samples/chart/라인/표식이있는꺽은선형.hwp::pdf/chart/라인/표식이있는꺽은선형-2022.pdf	samples/chart/라인/표식이있는꺽은선형.hwp	pdf/chart/라인/표식이있는꺽은선형-2022.pdf	표식이있는꺽은선형	2022	2022	hwp	pdf	dir:chart
samples/chart/라인/표식이있는꺽은선형.hwpx::pdf/chart/라인/표식이있는꺽은선형-2022.pdf	samples/chart/라인/표식이있는꺽은선형.hwpx	pdf/chart/라인/표식이있는꺽은선형-2022.pdf	표식이있는꺽은선형	2022	2022	hwpx	pdf	dir:chart
samples/chart/라인/표식이있는누적꺽은선형.hwp::pdf/chart/라인/표식이있는누적꺽은선형-2022.pdf	samples/chart/라인/표식이있는누적꺽은선형.hwp	pdf/chart/라인/표식이있는누적꺽은선형-2022.pdf	표식이있는누적꺽은선형	2022	2022	hwp	pdf	dir:chart
samples/chart/라인/표식이있는누적꺽은선형.hwpx::pdf/chart/라인/표식이있는누적꺽은선형-2022.pdf	samples/chart/라인/표식이있는누적꺽은선형.hwpx	pdf/chart/라인/표식이있는누적꺽은선형-2022.pdf	표식이있는누적꺽은선형	2022	2022	hwpx	pdf	dir:chart
samples/chart/분산형/곡선및표식이있는분산형.hwp::pdf/chart/분산형/곡선및표식이있는분산형-2022.pdf	samples/chart/분산형/곡선및표식이있는분산형.hwp	pdf/chart/분산형/곡선및표식이있는분산형-2022.pdf	곡선및표식이있는분산형	2022	2022	hwp	pdf	dir:chart
samples/chart/분산형/곡선및표식이있는분산형.hwpx::pdf/chart/분산형/곡선및표식이있는분산형-2022.pdf	samples/chart/분산형/곡선및표식이있는분산형.hwpx	pdf/chart/분산형/곡선및표식이있는분산형-2022.pdf	곡선및표식이있는분산형	2022	2022	hwpx	pdf	dir:chart
samples/chart/분산형/곡선이있는분산형.hwp::pdf/chart/분산형/곡선이있는분산형-2022.pdf	samples/chart/분산형/곡선이있는분산형.hwp	pdf/chart/분산형/곡선이있는분산형-2022.pdf	곡선이있는분산형	2022	2022	hwp	pdf	dir:chart
samples/chart/분산형/곡선이있는분산형.hwpx::pdf/chart/분산형/곡선이있는분산형-2022.pdf	samples/chart/분산형/곡선이있는분산형.hwpx	pdf/chart/분산형/곡선이있는분산형-2022.pdf	곡선이있는분산형	2022	2022	hwpx	pdf	dir:chart
samples/chart/분산형/직선및표식이있는분산형.hwp::pdf/chart/분산형/직선및표식이있는분산형-2022.pdf	samples/chart/분산형/직선및표식이있는분산형.hwp	pdf/chart/분산형/직선및표식이있는분산형-2022.pdf	직선및표식이있는분산형	2022	2022	hwp	pdf	dir:chart
samples/chart/분산형/직선및표식이있는분산형.hwpx::pdf/chart/분산형/직선및표식이있는분산형-2022.pdf	samples/chart/분산형/직선및표식이있는분산형.hwpx	pdf/chart/분산형/직선및표식이있는분산형-2022.pdf	직선및표식이있는분산형	2022	2022	hwpx	pdf	dir:chart
samples/chart/분산형/직선이있는분산형.hwp::pdf/chart/분산형/직선이있는분산형-2022.pdf	samples/chart/분산형/직선이있는분산형.hwp	pdf/chart/분산형/직선이있는분산형-2022.pdf	직선이있는분산형	2022	2022	hwp	pdf	dir:chart
samples/chart/분산형/직선이있는분산형.hwpx::pdf/chart/분산형/직선이있는분산형-2022.pdf	samples/chart/분산형/직선이있는분산형.hwpx	pdf/chart/분산형/직선이있는분산형-2022.pdf	직선이있는분산형	2022	2022	hwpx	pdf	dir:chart
samples/chart/분산형/표식만있는분산형.hwp::pdf/chart/분산형/표식만있는분산형-2022.pdf	samples/chart/분산형/표식만있는분산형.hwp	pdf/chart/분산형/표식만있는분산형-2022.pdf	표식만있는분산형	2022	2022	hwp	pdf	dir:chart
samples/chart/분산형/표식만있는분산형.hwpx::pdf/chart/분산형/표식만있는분산형-2022.pdf	samples/chart/분산형/표식만있는분산형.hwpx	pdf/chart/분산형/표식만있는분산형-2022.pdf	표식만있는분산형	2022	2022	hwpx	pdf	dir:chart
samples/chart/세로막대형/3차원누적세로막대형.hwp::pdf/chart/세로막대형/3차원누적세로막대형-2022.pdf	samples/chart/세로막대형/3차원누적세로막대형.hwp	pdf/chart/세로막대형/3차원누적세로막대형-2022.pdf	3차원누적세로막대형	2022	2022	hwp	pdf	dir:chart
samples/chart/세로막대형/3차원누적세로막대형.hwpx::pdf/chart/세로막대형/3차원누적세로막대형-2022.pdf	samples/chart/세로막대형/3차원누적세로막대형.hwpx	pdf/chart/세로막대형/3차원누적세로막대형-2022.pdf	3차원누적세로막대형	2022	2022	hwpx	pdf	dir:chart
samples/chart/세로막대형/3차원묶은세로막대형.hwp::pdf/chart/세로막대형/3차원묶은세로막대형-2022.pdf	samples/chart/세로막대형/3차원묶은세로막대형.hwp	pdf/chart/세로막대형/3차원묶은세로막대형-2022.pdf	3차원묶은세로막대형	2022	2022	hwp	pdf	dir:chart
samples/chart/세로막대형/3차원묶은세로막대형.hwpx::pdf/chart/세로막대형/3차원묶은세로막대형-2022.pdf	samples/chart/세로막대형/3차원묶은세로막대형.hwpx	pdf/chart/세로막대형/3차원묶은세로막대형-2022.pdf	3차원묶은세로막대형	2022	2022	hwpx	pdf	dir:chart
samples/chart/세로막대형/누적세로막대형.hwp::pdf/chart/세로막대형/누적세로막대형-2022.pdf	samples/chart/세로막대형/누적세로막대형.hwp	pdf/chart/세로막대형/누적세로막대형-2022.pdf	누적세로막대형	2022	2022	hwp	pdf	dir:chart
samples/chart/세로막대형/누적세로막대형.hwpx::pdf/chart/세로막대형/누적세로막대형-2022.pdf	samples/chart/세로막대형/누적세로막대형.hwpx	pdf/chart/세로막대형/누적세로막대형-2022.pdf	누적세로막대형	2022	2022	hwpx	pdf	dir:chart
samples/chart/세로막대형/묶은세로막대형.hwp::pdf/chart/세로막대형/묶은세로막대형-2022.pdf	samples/chart/세로막대형/묶은세로막대형.hwp	pdf/chart/세로막대형/묶은세로막대형-2022.pdf	묶은세로막대형	2022	2022	hwp	pdf	dir:chart
samples/chart/세로막대형/묶은세로막대형.hwpx::pdf/chart/세로막대형/묶은세로막대형-2022.pdf	samples/chart/세로막대형/묶은세로막대형.hwpx	pdf/chart/세로막대형/묶은세로막대형-2022.pdf	묶은세로막대형	2022	2022	hwpx	pdf	dir:chart
samples/chart/세로막대형/백프로기준누적세로막대형.hwp::pdf/chart/세로막대형/백프로기준누적세로막대형-2022.pdf	samples/chart/세로막대형/백프로기준누적세로막대형.hwp	pdf/chart/세로막대형/백프로기준누적세로막대형-2022.pdf	백프로기준누적세로막대형	2022	2022	hwp	pdf	dir:chart
samples/chart/세로막대형/백프로기준누적세로막대형.hwpx::pdf/chart/세로막대형/백프로기준누적세로막대형-2022.pdf	samples/chart/세로막대형/백프로기준누적세로막대형.hwpx	pdf/chart/세로막대형/백프로기준누적세로막대형-2022.pdf	백프로기준누적세로막대형	2022	2022	hwpx	pdf	dir:chart
samples/chart/원형/2차원원형.hwp::pdf/chart/원형/2차원원형-2022.pdf	samples/chart/원형/2차원원형.hwp	pdf/chart/원형/2차원원형-2022.pdf	2차원원형	2022	2022	hwp	pdf	dir:chart
samples/chart/원형/2차원원형.hwpx::pdf/chart/원형/2차원원형-2022.pdf	samples/chart/원형/2차원원형.hwpx	pdf/chart/원형/2차원원형-2022.pdf	2차원원형	2022	2022	hwpx	pdf	dir:chart
samples/chart/원형/3차원원형.hwp::pdf/chart/원형/3차원원형-2022.pdf	samples/chart/원형/3차원원형.hwp	pdf/chart/원형/3차원원형-2022.pdf	3차원원형	2022	2022	hwp	pdf	dir:chart
samples/chart/원형/3차원원형.hwpx::pdf/chart/원형/3차원원형-2022.pdf	samples/chart/원형/3차원원형.hwpx	pdf/chart/원형/3차원원형-2022.pdf	3차원원형	2022	2022	hwpx	pdf	dir:chart
samples/chart/원형/원형대가로막대형.hwp::pdf/chart/원형/원형대가로막대형-2022.pdf	samples/chart/원형/원형대가로막대형.hwp	pdf/chart/원형/원형대가로막대형-2022.pdf	원형대가로막대형	2022	2022	hwp	pdf	dir:chart
samples/chart/원형/원형대가로막대형.hwpx::pdf/chart/원형/원형대가로막대형-2022.pdf	samples/chart/원형/원형대가로막대형.hwpx	pdf/chart/원형/원형대가로막대형-2022.pdf	원형대가로막대형	2022	2022	hwpx	pdf	dir:chart
samples/chart/원형/원형대원형.hwp::pdf/chart/원형/원형대원형-2022.pdf	samples/chart/원형/원형대원형.hwp	pdf/chart/원형/원형대원형-2022.pdf	원형대원형	2022	2022	hwp	pdf	dir:chart
samples/chart/원형/원형대원형.hwpx::pdf/chart/원형/원형대원형-2022.pdf	samples/chart/원형/원형대원형.hwpx	pdf/chart/원형/원형대원형-2022.pdf	원형대원형	2022	2022	hwpx	pdf	dir:chart
samples/chart/원형/쪼개진원형.hwp::pdf/chart/원형/쪼개진원형-2022.pdf	samples/chart/원형/쪼개진원형.hwp	pdf/chart/원형/쪼개진원형-2022.pdf	쪼개진원형	2022	2022	hwp	pdf	dir:chart
samples/chart/원형/쪼개진원형.hwpx::pdf/chart/원형/쪼개진원형-2022.pdf	samples/chart/원형/쪼개진원형.hwpx	pdf/chart/원형/쪼개진원형-2022.pdf	쪼개진원형	2022	2022	hwpx	pdf	dir:chart
samples/chart/특이케이스/가로막대형_하나만있을떄_단일시리즈제목.hwp::pdf/chart/특이케이스/가로막대형_하나만있을떄_단일시리즈제목-2022.pdf	samples/chart/특이케이스/가로막대형_하나만있을떄_단일시리즈제목.hwp	pdf/chart/특이케이스/가로막대형_하나만있을떄_단일시리즈제목-2022.pdf	가로막대형_하나만있을떄_단일시리즈제목	2022	2022	hwp	pdf	dir:chart
samples/chart/특이케이스/가로막대형_하나만있을떄_단일시리즈제목.hwpx::pdf/chart/특이케이스/가로막대형_하나만있을떄_단일시리즈제목-2022.pdf	samples/chart/특이케이스/가로막대형_하나만있을떄_단일시리즈제목.hwpx	pdf/chart/특이케이스/가로막대형_하나만있을떄_단일시리즈제목-2022.pdf	가로막대형_하나만있을떄_단일시리즈제목	2022	2022	hwpx	pdf	dir:chart
samples/draw-group.hwp::pdf/draw-group-2022.pdf	samples/draw-group.hwp	pdf/draw-group-2022.pdf	draw-group	2022	2022	hwp	pdf	other
samples/endnote-01.hwp::pdf/endnote-01-2022.pdf	samples/endnote-01.hwp	pdf/endnote-01-2022.pdf	endnote-01	2022	2022	hwp	pdf	other
samples/eq-01.hwp::pdf/eq-01-2022.pdf	samples/eq-01.hwp	pdf/eq-01-2022.pdf	eq-01	2022	2022	hwp	pdf	equation
samples/equation-lim.hwp::pdf/equation-lim-2022.pdf	samples/equation-lim.hwp	pdf/equation-lim-2022.pdf	equation-lim	2022	2022	hwp	pdf	equation
samples/exam_eng.hwp::pdf/exam_eng-2022.pdf	samples/exam_eng.hwp	pdf/exam_eng-2022.pdf	exam_eng	2022	2022	hwp	pdf	exam
samples/exam_kor.hwp::pdf/exam_kor-2022.pdf	samples/exam_kor.hwp	pdf/exam_kor-2022.pdf	exam_kor	2022	2022	hwp	pdf	exam
samples/exam_math.hwp::pdf/exam_math-2022.pdf	samples/exam_math.hwp	pdf/exam_math-2022.pdf	exam_math	2022	2022	hwp	pdf	exam
samples/exam_math_8.hwp::pdf/exam_math_8-2022.pdf	samples/exam_math_8.hwp	pdf/exam_math_8-2022.pdf	exam_math_8	2022	2022	hwp	pdf	exam
samples/exam_math_no.hwp::pdf/exam_math_no-2022.pdf	samples/exam_math_no.hwp	pdf/exam_math_no-2022.pdf	exam_math_no	2022	2022	hwp	pdf	exam
samples/exam_science.hwp::pdf/exam_science-2022.pdf	samples/exam_science.hwp	pdf/exam_science-2022.pdf	exam_science	2022	2022	hwp	pdf	exam
samples/exam_social.hwp::pdf/exam_social-2022.pdf	samples/exam_social.hwp	pdf/exam_social-2022.pdf	exam_social	2022	2022	hwp	pdf	exam
samples/field-01-memo.hwp::pdf/field-01-memo-2022.pdf	samples/field-01-memo.hwp	pdf/field-01-memo-2022.pdf	field-01-memo	2022	2022	hwp	pdf	other
samples/field-01.hwp::pdf/field-01-2022.pdf	samples/field-01.hwp	pdf/field-01-2022.pdf	field-01	2022	2022	hwp	pdf	other
samples/float-stack-defer.hwp::pdf/float-stack-defer-2022.pdf	samples/float-stack-defer.hwp	pdf/float-stack-defer-2022.pdf	float-stack-defer	2022	2022	hwp	pdf	other
samples/footnote-01.hwp::pdf/footnote-01-2022.pdf	samples/footnote-01.hwp	pdf/footnote-01-2022.pdf	footnote-01	2022	2022	hwp	pdf	footnote
samples/form-01.hwp::pdf/form-01-2022.pdf	samples/form-01.hwp	pdf/form-01-2022.pdf	form-01	2022	2022	hwp	pdf	form
samples/group-box.hwp::pdf/group-box-2022.pdf	samples/group-box.hwp	pdf/group-box-2022.pdf	group-box	2022	2022	hwp	pdf	other
samples/group-drawing-02.hwp::pdf/group-drawing-02-2022.pdf	samples/group-drawing-02.hwp	pdf/group-drawing-02-2022.pdf	group-drawing-02	2022	2022	hwp	pdf	other
samples/h-pen-01.hwp::pdf/h-pen-01-2022.pdf	samples/h-pen-01.hwp	pdf/h-pen-01-2022.pdf	h-pen-01	2022	2022	hwp	pdf	other
samples/hwp-img-001.hwp::pdf/hwp-img-001-2022.pdf	samples/hwp-img-001.hwp	pdf/hwp-img-001-2022.pdf	hwp-img-001	2022	2022	hwp	pdf	other
samples/hwp-multi-001.hwp::pdf/hwp-multi-001-2022.pdf	samples/hwp-multi-001.hwp	pdf/hwp-multi-001-2022.pdf	hwp-multi-001	2022	2022	hwp	pdf	other
samples/hwp-multi-002.hwp::pdf/hwp-multi-002-2022.pdf	samples/hwp-multi-002.hwp	pdf/hwp-multi-002-2022.pdf	hwp-multi-002	2022	2022	hwp	pdf	other
samples/hwp3-sample-hwp5.hwp::pdf/hwp3-sample-hwp5-2022.pdf	samples/hwp3-sample-hwp5.hwp	pdf/hwp3-sample-hwp5-2022.pdf	hwp3-sample-hwp5	2022	2022	hwp	pdf	hwp3
samples/hwp3-sample-hwpx.hwpx::pdf/hwp3-sample-hwpx-2022.pdf	samples/hwp3-sample-hwpx.hwpx	pdf/hwp3-sample-hwpx-2022.pdf	hwp3-sample-hwpx	2022	2022	hwpx	pdf	hwp3
samples/hwp3-sample.hwp::pdf/hwp3-sample-2022.pdf	samples/hwp3-sample.hwp	pdf/hwp3-sample-2022.pdf	hwp3-sample	2022	2022	hwp	pdf	hwp3
samples/hwp3-sample11.hwp::pdf/hwp3-sample11-2020.pdf	samples/hwp3-sample11.hwp	pdf/hwp3-sample11-2020.pdf	hwp3-sample11	2020	2020	hwp	pdf	hwp3
samples/hwp3-sample13-hwp5.hwp::pdf/hwp3-sample13-hwp5-2022.pdf	samples/hwp3-sample13-hwp5.hwp	pdf/hwp3-sample13-hwp5-2022.pdf	hwp3-sample13-hwp5	2022	2022	hwp	pdf	hwp3
samples/hwp3-sample13-hwp5.hwpx::pdf/hwp3-sample13-hwp5-2022.pdf	samples/hwp3-sample13-hwp5.hwpx	pdf/hwp3-sample13-hwp5-2022.pdf	hwp3-sample13-hwp5	2022	2022	hwpx	pdf	hwp3
samples/hwp3-sample14-hwp5.hwp::pdf/hwp3-sample14-hwp5-2022.pdf	samples/hwp3-sample14-hwp5.hwp	pdf/hwp3-sample14-hwp5-2022.pdf	hwp3-sample14-hwp5	2022	2022	hwp	pdf	hwp3
samples/hwp3-sample14-hwp5.hwpx::pdf/hwp3-sample14-hwp5-2022.pdf	samples/hwp3-sample14-hwp5.hwpx	pdf/hwp3-sample14-hwp5-2022.pdf	hwp3-sample14-hwp5	2022	2022	hwpx	pdf	hwp3
samples/hwp3-sample16-hwp5-2010.hwp::pdf/hwp3-sample16-hwp5-2010-2020.pdf	samples/hwp3-sample16-hwp5-2010.hwp	pdf/hwp3-sample16-hwp5-2010-2020.pdf	hwp3-sample16-hwp5-2010	2020	2020	hwp	pdf	hwp3
samples/hwp3-sample16-hwp5-2018.hwp::pdf/hwp3-sample16-hwp5-2018-2020.pdf	samples/hwp3-sample16-hwp5-2018.hwp	pdf/hwp3-sample16-hwp5-2018-2020.pdf	hwp3-sample16-hwp5-2018	2020	2020	hwp	pdf	hwp3
samples/hwp3-sample16-hwp5-2022.hwp::pdf/hwp3-sample16-hwp5-2022.pdf	samples/hwp3-sample16-hwp5-2022.hwp	pdf/hwp3-sample16-hwp5-2022.pdf	hwp3-sample16-hwp5-2022	2022	exact	hwp	pdf	hwp3
samples/hwp3-sample16-hwp5-2022.hwp::pdf/hwp3-sample16-hwp5-2022-2020.pdf	samples/hwp3-sample16-hwp5-2022.hwp	pdf/hwp3-sample16-hwp5-2022-2020.pdf	hwp3-sample16-hwp5-2022	2020	2020	hwp	pdf	hwp3
samples/hwp3-sample16-hwp5-2024.hwp::pdf/hwp3-sample16-hwp5-2024-2020.pdf	samples/hwp3-sample16-hwp5-2024.hwp	pdf/hwp3-sample16-hwp5-2024-2020.pdf	hwp3-sample16-hwp5-2024	2020	2020	hwp	pdf	hwp3
samples/hwp3-sample16-hwp5.hwp::pdf/hwp3-sample16-hwp5-2022.pdf	samples/hwp3-sample16-hwp5.hwp	pdf/hwp3-sample16-hwp5-2022.pdf	hwp3-sample16-hwp5	2022	2022	hwp	pdf	hwp3
samples/hwp3-sample16-hwp5.hwp::pdf/hwp3-sample16-hwp5-2020.pdf	samples/hwp3-sample16-hwp5.hwp	pdf/hwp3-sample16-hwp5-2020.pdf	hwp3-sample16-hwp5	2020	2020	hwp	pdf	hwp3
samples/hwp3-sample16-hwp5.hwpx::pdf/hwp3-sample16-hwp5-2022.pdf	samples/hwp3-sample16-hwp5.hwpx	pdf/hwp3-sample16-hwp5-2022.pdf	hwp3-sample16-hwp5	2022	2022	hwpx	pdf	hwp3
samples/hwp3-sample16-hwp5.hwpx::pdf/hwp3-sample16-hwp5-2020.pdf	samples/hwp3-sample16-hwp5.hwpx	pdf/hwp3-sample16-hwp5-2020.pdf	hwp3-sample16-hwp5	2020	2020	hwpx	pdf	hwp3
samples/hwp3-sample16.hwp::pdf/hwp3-sample16-2020.pdf	samples/hwp3-sample16.hwp	pdf/hwp3-sample16-2020.pdf	hwp3-sample16	2020	2020	hwp	pdf	hwp3
samples/hwp3-sample19-hwp5.hwp::pdf/hwp3-sample19-hwp5-2022.pdf	samples/hwp3-sample19-hwp5.hwp	pdf/hwp3-sample19-hwp5-2022.pdf	hwp3-sample19-hwp5	2022	2022	hwp	pdf	hwp3
samples/hwp3-sample4-hwp5.hwp::pdf/hwp3-sample4-hwp5-2022.pdf	samples/hwp3-sample4-hwp5.hwp	pdf/hwp3-sample4-hwp5-2022.pdf	hwp3-sample4-hwp5	2022	2022	hwp	pdf	hwp3
samples/hwp3-sample4.hwp::pdf/hwp3-sample4-2022.pdf	samples/hwp3-sample4.hwp	pdf/hwp3-sample4-2022.pdf	hwp3-sample4	2022	2022	hwp	pdf	hwp3
samples/hwp3-sample5-hwp5.hwp::pdf/hwp3-sample5-hwp5-2022.pdf	samples/hwp3-sample5-hwp5.hwp	pdf/hwp3-sample5-hwp5-2022.pdf	hwp3-sample5-hwp5	2022	2022	hwp	pdf	hwp3
samples/hwp3-sample5-hwpx.hwpx::pdf/hwp3-sample5-hwpx-2022.pdf	samples/hwp3-sample5-hwpx.hwpx	pdf/hwp3-sample5-hwpx-2022.pdf	hwp3-sample5-hwpx	2022	2022	hwpx	pdf	hwp3
samples/hwp3-sample5.hwp::pdf/hwp3-sample5-2022.pdf	samples/hwp3-sample5.hwp	pdf/hwp3-sample5-2022.pdf	hwp3-sample5	2022	2022	hwp	pdf	hwp3
samples/hwp_table_test-m.hwp::pdf/hwp_table_test-m-2022.pdf	samples/hwp_table_test-m.hwp	pdf/hwp_table_test-m-2022.pdf	hwp_table_test-m	2022	2022	hwp	pdf	table
samples/hwp_table_test.hwp::pdf/hwp_table_test-2022.pdf	samples/hwp_table_test.hwp	pdf/hwp_table_test-2022.pdf	hwp_table_test	2022	2022	hwp	pdf	table
samples/hwpctl_Action_Table__v1.1.hwp::pdf/hwpctl_Action_Table__v1.1-2022.pdf	samples/hwpctl_Action_Table__v1.1.hwp	pdf/hwpctl_Action_Table__v1.1-2022.pdf	hwpctl_Action_Table__v1.1	2022	2022	hwp	pdf	table
samples/hwpctl_API_v2.4.hwp::pdf/hwpctl_API_v2.4-2022.pdf	samples/hwpctl_API_v2.4.hwp	pdf/hwpctl_API_v2.4-2022.pdf	hwpctl_API_v2.4	2022	2022	hwp	pdf	other
samples/hwpctl_ParameterSetID_Item_v1.2.hwp::pdf/hwpctl_ParameterSetID_Item_v1.2-2022.pdf	samples/hwpctl_ParameterSetID_Item_v1.2.hwp	pdf/hwpctl_ParameterSetID_Item_v1.2-2022.pdf	hwpctl_ParameterSetID_Item_v1.2	2022	2022	hwp	pdf	other
samples/hwpspec.hwp::pdf/hwpspec-2024.pdf	samples/hwpspec.hwp	pdf/hwpspec-2024.pdf	hwpspec	2024	2024	hwp	pdf	other
samples/hwpx/2024년 1분기 해외직접투자 보도자료 ff.hwp::pdf/hwpx/2024년 1분기 해외직접투자 보도자료 ff-2022.pdf	samples/hwpx/2024년 1분기 해외직접투자 보도자료 ff.hwp	pdf/hwpx/2024년 1분기 해외직접투자 보도자료 ff-2022.pdf	2024년 1분기 해외직접투자 보도자료 ff	2022	2022	hwp	pdf	hwpx_tree
samples/hwpx/2024년 1분기 해외직접투자 보도자료 ff.hwpx::pdf/hwpx/2024년 1분기 해외직접투자 보도자료 ff-2022.pdf	samples/hwpx/2024년 1분기 해외직접투자 보도자료 ff.hwpx	pdf/hwpx/2024년 1분기 해외직접투자 보도자료 ff-2022.pdf	2024년 1분기 해외직접투자 보도자료 ff	2022	2022	hwpx	pdf	hwpx_tree
samples/hwpx/2024년 2분기 해외직접투자 보도자료ff.hwpx::pdf/hwpx/2024년 2분기 해외직접투자 보도자료ff-2022.pdf	samples/hwpx/2024년 2분기 해외직접투자 보도자료ff.hwpx	pdf/hwpx/2024년 2분기 해외직접투자 보도자료ff-2022.pdf	2024년 2분기 해외직접투자 보도자료ff	2022	2022	hwpx	pdf	hwpx_tree
samples/hwpx/2024년 연간 해외직접투자 보도자료 _ ff.hwpx::pdf/hwpx/2024년 연간 해외직접투자 보도자료 _ ff-2022.pdf	samples/hwpx/2024년 연간 해외직접투자 보도자료 _ ff.hwpx	pdf/hwpx/2024년 연간 해외직접투자 보도자료 _ ff-2022.pdf	2024년 연간 해외직접투자 보도자료 _ ff	2022	2022	hwpx	pdf	hwpx_tree
samples/hwpx/2025년 1분기 해외직접투자 보도자료f.hwpx::pdf/hwpx/2025년 1분기 해외직접투자 보도자료f-2022.pdf	samples/hwpx/2025년 1분기 해외직접투자 보도자료f.hwpx	pdf/hwpx/2025년 1분기 해외직접투자 보도자료f-2022.pdf	2025년 1분기 해외직접투자 보도자료f	2022	2022	hwpx	pdf	hwpx_tree
samples/hwpx/2025년 2분기 해외직접투자 (최종).hwpx::pdf/hwpx/2025년 2분기 해외직접투자 (최종)-2022.pdf	samples/hwpx/2025년 2분기 해외직접투자 (최종).hwpx	pdf/hwpx/2025년 2분기 해외직접투자 (최종)-2022.pdf	2025년 2분기 해외직접투자 (최종)	2022	2022	hwpx	pdf	hwpx_tree
samples/hwpx/aift.hwpx::pdf/hwpx/aift-2022.pdf	samples/hwpx/aift.hwpx	pdf/hwpx/aift-2022.pdf	aift	2022	2022	hwpx	pdf	hwpx_tree
samples/hwpx/blank_hwpx.hwpx::pdf/hwpx/blank_hwpx-2022.pdf	samples/hwpx/blank_hwpx.hwpx	pdf/hwpx/blank_hwpx-2022.pdf	blank_hwpx	2022	2022	hwpx	pdf	hwpx_tree
samples/hwpx/form-002.hwpx::pdf/hwpx/form-002-2022.pdf	samples/hwpx/form-002.hwpx	pdf/hwpx/form-002-2022.pdf	form-002	2022	2022	hwpx	pdf	hwpx_tree
samples/hwpx/hwpx-01.hwpx::pdf/hwpx/hwpx-01-2022.pdf	samples/hwpx/hwpx-01.hwpx	pdf/hwpx/hwpx-01-2022.pdf	hwpx-01	2022	2022	hwpx	pdf	hwpx_tree
samples/hwpx/hwpx-02.hwpx::pdf/hwpx/hwpx-02-2022.pdf	samples/hwpx/hwpx-02.hwpx	pdf/hwpx/hwpx-02-2022.pdf	hwpx-02	2022	2022	hwpx	pdf	hwpx_tree
samples/hwpx/hwpx-h-01.hwpx::pdf/hwpx/hwpx-h-01-2022.pdf	samples/hwpx/hwpx-h-01.hwpx	pdf/hwpx/hwpx-h-01-2022.pdf	hwpx-h-01	2022	2022	hwpx	pdf	hwpx_tree
samples/hwpx/hwpx-h-02.hwpx::pdf/hwpx/hwpx-h-02-2022.pdf	samples/hwpx/hwpx-h-02.hwpx	pdf/hwpx/hwpx-h-02-2022.pdf	hwpx-h-02	2022	2022	hwpx	pdf	hwpx_tree
samples/hwpx/hwpx-h-03.hwpx::pdf/hwpx/hwpx-h-03-2022.pdf	samples/hwpx/hwpx-h-03.hwpx	pdf/hwpx/hwpx-h-03-2022.pdf	hwpx-h-03	2022	2022	hwpx	pdf	hwpx_tree
samples/hwpx/issue_157.hwpx::pdf/hwpx/issue_157-2022.pdf	samples/hwpx/issue_157.hwpx	pdf/hwpx/issue_157-2022.pdf	issue_157	2022	2022	hwpx	pdf	hwpx_tree
samples/hwpx/issue_241.hwpx::pdf/hwpx/issue_241-2022.pdf	samples/hwpx/issue_241.hwpx	pdf/hwpx/issue_241-2022.pdf	issue_241	2022	2022	hwpx	pdf	hwpx_tree
samples/hwpx/mel-001.hwpx::pdf/hwpx/mel-001-2022.pdf	samples/hwpx/mel-001.hwpx	pdf/hwpx/mel-001-2022.pdf	mel-001	2022	2022	hwpx	pdf	hwpx_tree
samples/hwpx/ref/ref_empty.hwpx::pdf/hwpx/ref/ref_empty-2022.pdf	samples/hwpx/ref/ref_empty.hwpx	pdf/hwpx/ref/ref_empty-2022.pdf	ref_empty	2022	2022	hwpx	pdf	hwpx_tree
samples/hwpx/ref/ref_mixed.hwpx::pdf/hwpx/ref/ref_mixed-2022.pdf	samples/hwpx/ref/ref_mixed.hwpx	pdf/hwpx/ref/ref_mixed-2022.pdf	ref_mixed	2022	2022	hwpx	pdf	hwpx_tree
samples/hwpx/ref/ref_table.hwpx::pdf/hwpx/ref/ref_table-2022.pdf	samples/hwpx/ref/ref_table.hwpx	pdf/hwpx/ref/ref_table-2022.pdf	ref_table	2022	2022	hwpx	pdf	hwpx_tree
samples/hwpx/ref/ref_text.hwpx::pdf/hwpx/ref/ref_text-2022.pdf	samples/hwpx/ref/ref_text.hwpx	pdf/hwpx/ref/ref_text-2022.pdf	ref_text	2022	2022	hwpx	pdf	hwpx_tree
samples/hwpx/table-text.hwpx::pdf/hwpx/table-text-2022.pdf	samples/hwpx/table-text.hwpx	pdf/hwpx/table-text-2022.pdf	table-text	2022	2022	hwpx	pdf	hwpx_tree
samples/hwpx/tbox-v-flow-01.hwpx::pdf/hwpx/tbox-v-flow-01-2022.pdf	samples/hwpx/tbox-v-flow-01.hwpx	pdf/hwpx/tbox-v-flow-01-2022.pdf	tbox-v-flow-01	2022	2022	hwpx	pdf	hwpx_tree
samples/hwpx_sample2.hwp::pdf/hwpx_sample2-2024.pdf	samples/hwpx_sample2.hwp	pdf/hwpx_sample2-2024.pdf	hwpx_sample2	2024	2024	hwp	pdf	other
samples/hwpx_sample2.hwp::pdf/hwpx_sample2-2020.pdf	samples/hwpx_sample2.hwp	pdf/hwpx_sample2-2020.pdf	hwpx_sample2	2020	2020	hwp	pdf	other
samples/hwpx_sample2.hwpx::pdf/hwpx_sample2-2024.pdf	samples/hwpx_sample2.hwpx	pdf/hwpx_sample2-2024.pdf	hwpx_sample2	2024	2024	hwpx	pdf	other
samples/hwpx_sample2.hwpx::pdf/hwpx_sample2-2020.pdf	samples/hwpx_sample2.hwpx	pdf/hwpx_sample2-2020.pdf	hwpx_sample2	2020	2020	hwpx	pdf	other
samples/img-start-001.hwp::pdf/img-start-001-2022.pdf	samples/img-start-001.hwp	pdf/img-start-001-2022.pdf	img-start-001	2022	2022	hwp	pdf	other
samples/inner-table-01.hwp::pdf/inner-table-01-2022.pdf	samples/inner-table-01.hwp	pdf/inner-table-01-2022.pdf	inner-table-01	2022	2022	hwp	pdf	table
samples/issue-505-equations.hwp::pdf/issue-505-equations-2022.pdf	samples/issue-505-equations.hwp	pdf/issue-505-equations-2022.pdf	issue-505-equations	2022	2022	hwp	pdf	equation
samples/issue1510_coanchored_float_tables.hwp::pdf/issue1510_coanchored_float_tables-hwp-2024.pdf	samples/issue1510_coanchored_float_tables.hwp	pdf/issue1510_coanchored_float_tables-hwp-2024.pdf	issue1510_coanchored_float_tables	2024	hwp-2024	hwp	pdf	table
samples/issue1510_coanchored_float_tables.hwpx::pdf/issue1510_coanchored_float_tables-hwpx-2024.pdf	samples/issue1510_coanchored_float_tables.hwpx	pdf/issue1510_coanchored_float_tables-hwpx-2024.pdf	issue1510_coanchored_float_tables	2024	hwpx-2024	hwpx	pdf	table
samples/issue1663_coanchored_float_orphan.hwpx::pdf/issue1663_coanchored_float_orphan-2024.pdf	samples/issue1663_coanchored_float_orphan.hwpx	pdf/issue1663_coanchored_float_orphan-2024.pdf	issue1663_coanchored_float_orphan	2024	2024	hwpx	pdf	issue
samples/issue1770_rowsplit_tolerance.hwpx::pdf/issue1770_rowsplit_tolerance-2024.pdf	samples/issue1770_rowsplit_tolerance.hwpx	pdf/issue1770_rowsplit_tolerance-2024.pdf	issue1770_rowsplit_tolerance	2024	2024	hwpx	pdf	issue
samples/issue1835_tac_stale_height.hwp::pdf/issue1835_tac_stale_height-2022.pdf	samples/issue1835_tac_stale_height.hwp	pdf/issue1835_tac_stale_height-2022.pdf	issue1835_tac_stale_height	2022	2022	hwp	pdf	issue
samples/issue1853_caption_precedes_body_split.hwpx::pdf/issue1853_caption_precedes_body_split-2024.pdf	samples/issue1853_caption_precedes_body_split.hwpx	pdf/issue1853_caption_precedes_body_split-2024.pdf	issue1853_caption_precedes_body_split	2024	2024	hwpx	pdf	issue
samples/issue1893_clickhere_field_roundtrip.hwpx::pdf/issue1893_clickhere_field_roundtrip-2022.pdf	samples/issue1893_clickhere_field_roundtrip.hwpx	pdf/issue1893_clickhere_field_roundtrip-2022.pdf	issue1893_clickhere_field_roundtrip	2022	2022	hwpx	pdf	issue
samples/issue1921/59043_regulatory_analysis.hwp::pdf/issue1921/59043_regulatory_analysis-2022.pdf	samples/issue1921/59043_regulatory_analysis.hwp	pdf/issue1921/59043_regulatory_analysis-2022.pdf	59043_regulatory_analysis	2022	2022	hwp	pdf	regulatory
samples/issue1949_giant_cell_nested_tables_perf.hwp::pdf/issue1949_giant_cell_nested_tables_perf-2024.pdf	samples/issue1949_giant_cell_nested_tables_perf.hwp	pdf/issue1949_giant_cell_nested_tables_perf-2024.pdf	issue1949_giant_cell_nested_tables_perf	2024	2024	hwp	pdf	table
samples/issue1949_giant_cell_nested_tables_perf.hwp::pdf/issue1949_giant_cell_nested_tables_perf-2020.pdf	samples/issue1949_giant_cell_nested_tables_perf.hwp	pdf/issue1949_giant_cell_nested_tables_perf-2020.pdf	issue1949_giant_cell_nested_tables_perf	2020	2020	hwp	pdf	table
samples/issue1949_giant_cell_nested_tables_perf.hwpx::pdf/issue1949_giant_cell_nested_tables_perf-2024.pdf	samples/issue1949_giant_cell_nested_tables_perf.hwpx	pdf/issue1949_giant_cell_nested_tables_perf-2024.pdf	issue1949_giant_cell_nested_tables_perf	2024	2024	hwpx	pdf	table
samples/issue1949_giant_cell_nested_tables_perf.hwpx::pdf/issue1949_giant_cell_nested_tables_perf-2020.pdf	samples/issue1949_giant_cell_nested_tables_perf.hwpx	pdf/issue1949_giant_cell_nested_tables_perf-2020.pdf	issue1949_giant_cell_nested_tables_perf	2020	2020	hwpx	pdf	table
samples/issue1950_hwp3_tab_charoffset.hwp::pdf/issue1950_hwp3_tab_charoffset-2024.pdf	samples/issue1950_hwp3_tab_charoffset.hwp	pdf/issue1950_hwp3_tab_charoffset-2024.pdf	issue1950_hwp3_tab_charoffset	2024	2024	hwp	pdf	issue
samples/issue2004_cell_image_stack.hwp::pdf/issue2004_cell_image_stack-2022.pdf	samples/issue2004_cell_image_stack.hwp	pdf/issue2004_cell_image_stack-2022.pdf	issue2004_cell_image_stack	2022	2022	hwp	pdf	issue
samples/issue2004_cell_image_stack.hwpx::pdf/issue2004_cell_image_stack-2022.pdf	samples/issue2004_cell_image_stack.hwpx	pdf/issue2004_cell_image_stack-2022.pdf	issue2004_cell_image_stack	2022	2022	hwpx	pdf	issue
samples/issue2006/1790387_prep_final_report.hwpx::pdf-large/issue2006/1790387_prep_final_report-2022.pdf	samples/issue2006/1790387_prep_final_report.hwpx	pdf-large/issue2006/1790387_prep_final_report-2022.pdf	1790387_prep_final_report	2022	2022	hwpx	pdf-large	issue
samples/issue2006/1790387_prep_final_report.hwpx::pdf/issue2006/1790387_prep_final_report-hwp2020-20260814.pdf	samples/issue2006/1790387_prep_final_report.hwpx	pdf/issue2006/1790387_prep_final_report-hwp2020-20260814.pdf	1790387_prep_final_report	2020	hwp2020-20260814	hwpx	pdf	issue
samples/issue2020/(250813) (보도자료) 2025년 7월중 가계대출 동향.hwp::pdf/issue2020/(250813) (보도자료) 2025년 7월중 가계대출 동향-hwp-2022.pdf	samples/issue2020/(250813) (보도자료) 2025년 7월중 가계대출 동향.hwp	pdf/issue2020/(250813) (보도자료) 2025년 7월중 가계대출 동향-hwp-2022.pdf	(250813) (보도자료) 2025년 7월중 가계대출 동향	2022	hwp-2022	hwp	pdf	issue
samples/issue2020/(250813) (보도자료) 2025년 7월중 가계대출 동향.hwpx::pdf/issue2020/(250813) (보도자료) 2025년 7월중 가계대출 동향-hwpx-2022.pdf	samples/issue2020/(250813) (보도자료) 2025년 7월중 가계대출 동향.hwpx	pdf/issue2020/(250813) (보도자료) 2025년 7월중 가계대출 동향-hwpx-2022.pdf	(250813) (보도자료) 2025년 7월중 가계대출 동향	2022	hwpx-2022	hwpx	pdf	issue
samples/issue2020/passport_application_lawgo.hwp::pdf/issue2020/passport_application_lawgo-2022.pdf	samples/issue2020/passport_application_lawgo.hwp	pdf/issue2020/passport_application_lawgo-2022.pdf	passport_application_lawgo	2022	2022	hwp	pdf	issue
samples/issue2063_huge_cellbreak_table.hwp::pdf/issue2063_huge_cellbreak_table-2020.pdf	samples/issue2063_huge_cellbreak_table.hwp	pdf/issue2063_huge_cellbreak_table-2020.pdf	issue2063_huge_cellbreak_table	2020	2020	hwp	pdf	table
samples/issue2083_hide_fill_page.hwpx::pdf/issue2083_hide_fill_page-2020.pdf	samples/issue2083_hide_fill_page.hwpx	pdf/issue2083_hide_fill_page-2020.pdf	issue2083_hide_fill_page	2020	2020	hwpx	pdf	issue
samples/issue2164/의견제출서(양식).hwp::pdf/issue2164/의견제출서(양식)-2020.pdf	samples/issue2164/의견제출서(양식).hwp	pdf/issue2164/의견제출서(양식)-2020.pdf	의견제출서(양식)	2020	2020	hwp	pdf	issue
samples/issue2217/20200830.hwp::pdf/issue2217/20200830-2020.pdf	samples/issue2217/20200830.hwp	pdf/issue2217/20200830-2020.pdf	20200830	2020	2020	hwp	pdf	issue
samples/issue2373/156689818_kftc_press.hwpx::pdf/issue2373/156689818_kftc_press-2020.pdf	samples/issue2373/156689818_kftc_press.hwpx	pdf/issue2373/156689818_kftc_press-2020.pdf	156689818_kftc_press	2020	2020	hwpx	pdf	issue
samples/issue2470/36341511_masked.hwpx::pdf/issue2470/36341511_masked-2022.pdf	samples/issue2470/36341511_masked.hwpx	pdf/issue2470/36341511_masked-2022.pdf	36341511_masked	2022	2022	hwpx	pdf	issue
samples/issue2470/36382471_masked.hwpx::pdf/issue2470/36382471_masked-2022.pdf	samples/issue2470/36382471_masked.hwpx	pdf/issue2470/36382471_masked-2022.pdf	36382471_masked	2022	2022	hwpx	pdf	issue
samples/issue2559/1341000_research_report_footnotes.hwp::pdf/issue2559/1341000_research_report_footnotes-2020-print.pdf	samples/issue2559/1341000_research_report_footnotes.hwp	pdf/issue2559/1341000_research_report_footnotes-2020-print.pdf	1341000_research_report_footnotes	2020	2020-print	hwp	pdf	footnote
samples/issue2808_report_physical_ladder.hwp::pdf/issue2808_report_physical_ladder-2020.pdf	samples/issue2808_report_physical_ladder.hwp	pdf/issue2808_report_physical_ladder-2020.pdf	issue2808_report_physical_ladder	2020	2020	hwp	pdf	issue
samples/issue2808_single_table_form_physical_ladder.hwpx::pdf/issue2808_single_table_form_physical_ladder-2020.pdf	samples/issue2808_single_table_form_physical_ladder.hwpx	pdf/issue2808_single_table_form_physical_ladder-2020.pdf	issue2808_single_table_form_physical_ladder	2020	2020	hwpx	pdf	table
samples/issue2813/dangjik_dutylog.hwpx::pdf/issue2813/dangjik_dutylog-2020.pdf	samples/issue2813/dangjik_dutylog.hwpx	pdf/issue2813/dangjik_dutylog-2020.pdf	dangjik_dutylog	2020	2020	hwpx	pdf	issue
samples/issue2816/imgbrush_total_page_fill.hwpx::pdf/issue2816/imgbrush_total_page_fill-2020.pdf	samples/issue2816/imgbrush_total_page_fill.hwpx	pdf/issue2816/imgbrush_total_page_fill-2020.pdf	imgbrush_total_page_fill	2020	2020	hwpx	pdf	issue
samples/issue2817/paper_anchor_infront_pic.hwpx::pdf/issue2817/paper_anchor_infront_pic-2020.pdf	samples/issue2817/paper_anchor_infront_pic.hwpx	pdf/issue2817/paper_anchor_infront_pic-2020.pdf	paper_anchor_infront_pic	2020	2020	hwpx	pdf	issue
samples/issue3239/evaluation_form_200dpi_scan.hwp::pdf/issue3239/evaluation_form_200dpi_scan-2020.pdf	samples/issue3239/evaluation_form_200dpi_scan.hwp	pdf/issue3239/evaluation_form_200dpi_scan-2020.pdf	evaluation_form_200dpi_scan	2020	2020	hwp	pdf	issue
samples/issue3257/webhangul_product_spec_v1.1.hwp::pdf/issue3257/webhangul_product_spec_v1.1-2020.pdf	samples/issue3257/webhangul_product_spec_v1.1.hwp	pdf/issue3257/webhangul_product_spec_v1.1-2020.pdf	webhangul_product_spec_v1.1	2020	2020	hwp	pdf	issue
samples/issue3460/svg_picture_repro.hwpx::pdf/issue3460/svg_picture_repro-2020.pdf	samples/issue3460/svg_picture_repro.hwpx	pdf/issue3460/svg_picture_repro-2020.pdf	svg_picture_repro	2020	2020	hwpx	pdf	issue
samples/issue3637/press_release_split_cell_nested_table.hwpx::pdf/issue3637/press_release_split_cell_nested_table-2020.pdf	samples/issue3637/press_release_split_cell_nested_table.hwpx	pdf/issue3637/press_release_split_cell_nested_table-2020.pdf	press_release_split_cell_nested_table	2020	2020	hwpx	pdf	table
samples/issue3637/press_release_topbottom_float.hwpx::pdf/issue3637/press_release_topbottom_float-2020.pdf	samples/issue3637/press_release_topbottom_float.hwpx	pdf/issue3637/press_release_topbottom_float-2020.pdf	press_release_topbottom_float	2020	2020	hwpx	pdf	issue
samples/issue3765/zone_switch_ladder_understates_page.hwpx::pdf/issue3765/zone_switch_ladder_understates_page-2020.pdf	samples/issue3765/zone_switch_ladder_understates_page.hwpx	pdf/issue3765/zone_switch_ladder_understates_page-2020.pdf	zone_switch_ladder_understates_page	2020	2020	hwpx	pdf	issue
samples/issue3837/stored_vpos_rewind_form.hwp::pdf/issue3837/stored_vpos_rewind_form-2020.pdf	samples/issue3837/stored_vpos_rewind_form.hwp	pdf/issue3837/stored_vpos_rewind_form-2020.pdf	stored_vpos_rewind_form	2020	2020	hwp	pdf	issue
samples/issue4514/sample1-repro.hwp::pdf/issue4514/sample1-repro-2020.pdf	samples/issue4514/sample1-repro.hwp	pdf/issue4514/sample1-repro-2020.pdf	sample1-repro	2020	2020	hwp	pdf	issue
samples/issue4889/18098267_nested_fragment_origin.hwp::pdf/issue4889/18098267_nested_fragment_origin-2020.pdf	samples/issue4889/18098267_nested_fragment_origin.hwp	pdf/issue4889/18098267_nested_fragment_origin-2020.pdf	18098267_nested_fragment_origin	2020	2020	hwp	pdf	issue
samples/issue_265.hwp::pdf/issue_265-2022.pdf	samples/issue_265.hwp	pdf/issue_265-2022.pdf	issue_265	2022	2022	hwp	pdf	issue
samples/k-water-rfp-2024.hwp::pdf/k-water-rfp-2024.pdf	samples/k-water-rfp-2024.hwp	pdf/k-water-rfp-2024.pdf	k-water-rfp-2024	2024	exact	hwp	pdf	other
samples/k-water-rfp.hwp::pdf/k-water-rfp-2024.pdf	samples/k-water-rfp.hwp	pdf/k-water-rfp-2024.pdf	k-water-rfp	2024	2024	hwp	pdf	other
samples/k-water-rfp.hwp::pdf/k-water-rfp-2022.pdf	samples/k-water-rfp.hwp	pdf/k-water-rfp-2022.pdf	k-water-rfp	2022	2022	hwp	pdf	other
samples/kps-ai.hwp::pdf/kps-ai-2022.pdf	samples/kps-ai.hwp	pdf/kps-ai-2022.pdf	kps-ai	2022	2022	hwp	pdf	other
samples/KTX.hwp::pdf/KTX-2022.pdf	samples/KTX.hwp	pdf/KTX-2022.pdf	KTX	2022	2022	hwp	pdf	other
samples/loading-fail-01.hwp::pdf/loading-fail-01-2022.pdf	samples/loading-fail-01.hwp	pdf/loading-fail-01-2022.pdf	loading-fail-01	2022	2022	hwp	pdf	other
samples/lseg-01-basic.hwp::pdf/lseg-01-basic-2022.pdf	samples/lseg-01-basic.hwp	pdf/lseg-01-basic-2022.pdf	lseg-01-basic	2022	2022	hwp	pdf	other
samples/lseg-02-mixed.hwp::pdf/lseg-02-mixed-2022.pdf	samples/lseg-02-mixed.hwp	pdf/lseg-02-mixed-2022.pdf	lseg-02-mixed	2022	2022	hwp	pdf	other
samples/lseg-03-spacing.hwp::pdf/lseg-03-spacing-2022.pdf	samples/lseg-03-spacing.hwp	pdf/lseg-03-spacing-2022.pdf	lseg-03-spacing	2022	2022	hwp	pdf	other
samples/lseg-04-indent.hwp::pdf/lseg-04-indent-2022.pdf	samples/lseg-04-indent.hwp	pdf/lseg-04-indent-2022.pdf	lseg-04-indent	2022	2022	hwp	pdf	other
samples/lseg-05-tab.hwp::pdf/lseg-05-tab-2022.pdf	samples/lseg-05-tab.hwp	pdf/lseg-05-tab-2022.pdf	lseg-05-tab	2022	2022	hwp	pdf	other
samples/lseg-06-multisize.hwp::pdf/lseg-06-multisize-2022.pdf	samples/lseg-06-multisize.hwp	pdf/lseg-06-multisize-2022.pdf	lseg-06-multisize	2022	2022	hwp	pdf	other
samples/mel-001.hwp::pdf/mel-001-2022.pdf	samples/mel-001.hwp	pdf/mel-001-2022.pdf	mel-001	2022	2022	hwp	pdf	other
samples/mix-shape-01.hwp::pdf/mix-shape-01-2022.pdf	samples/mix-shape-01.hwp	pdf/mix-shape-01-2022.pdf	mix-shape-01	2022	2022	hwp	pdf	other
samples/multi-table-001.hwp::pdf/multi-table-001-2022.pdf	samples/multi-table-001.hwp	pdf/multi-table-001-2022.pdf	multi-table-001	2022	2022	hwp	pdf	table
samples/multi-table-002.hwp::pdf/multi-table-002-2022.pdf	samples/multi-table-002.hwp	pdf/multi-table-002-2022.pdf	multi-table-002	2022	2022	hwp	pdf	table
samples/p122.hwp::pdf/p122-2022.pdf	samples/p122.hwp	pdf/p122-2022.pdf	p122	2022	2022	hwp	pdf	other
samples/pic-crop-01.hwp::pdf/pic-crop-01-2022.pdf	samples/pic-crop-01.hwp	pdf/pic-crop-01-2022.pdf	pic-crop-01	2022	2022	hwp	pdf	other
samples/pic-in-head-01.hwp::pdf/pic-in-head-01-2022.pdf	samples/pic-in-head-01.hwp	pdf/pic-in-head-01-2022.pdf	pic-in-head-01	2022	2022	hwp	pdf	other
samples/pic-in-head-02.hwp::pdf/pic-in-head-02-2022.pdf	samples/pic-in-head-02.hwp	pdf/pic-in-head-02-2022.pdf	pic-in-head-02	2022	2022	hwp	pdf	other
samples/pic-in-table-01.hwp::pdf/pic-in-table-01-2022.pdf	samples/pic-in-table-01.hwp	pdf/pic-in-table-01-2022.pdf	pic-in-table-01	2022	2022	hwp	pdf	table
samples/pic2.hwp::pdf/pic2-2022.pdf	samples/pic2.hwp	pdf/pic2-2022.pdf	pic2	2022	2022	hwp	pdf	other
samples/pic2.hwpx::pdf/pic2-2022.pdf	samples/pic2.hwpx	pdf/pic2-2022.pdf	pic2	2022	2022	hwpx	pdf	other
samples/pr-149.hwp::pdf/pr-149-2022.pdf	samples/pr-149.hwp	pdf/pr-149-2022.pdf	pr-149	2022	2022	hwp	pdf	issue
samples/pr-1674.hwp::pdf/pr-1674-2024.pdf	samples/pr-1674.hwp	pdf/pr-1674-2024.pdf	pr-1674	2024	2024	hwp	pdf	issue
samples/pr-1674.hwp::pdf-2020/pr-1674-2020.pdf	samples/pr-1674.hwp	pdf-2020/pr-1674-2020.pdf	pr-1674	2020	2020	hwp	pdf-2020	issue
samples/pua-test.hwp::pdf/pua-test-2022.pdf	samples/pua-test.hwp	pdf/pua-test-2022.pdf	pua-test	2022	2022	hwp	pdf	other
samples/re-01-hangul-only-empty-hancom.hwp::pdf/re-01-hangul-only-empty-hancom-2022.pdf	samples/re-01-hangul-only-empty-hancom.hwp	pdf/re-01-hangul-only-empty-hancom-2022.pdf	re-01-hangul-only-empty-hancom	2022	2022	hwp	pdf	blank
samples/re-01-hangul-only-hancom.hwp::pdf/re-01-hangul-only-hancom-2022.pdf	samples/re-01-hangul-only-hancom.hwp	pdf/re-01-hangul-only-hancom-2022.pdf	re-01-hangul-only-hancom	2022	2022	hwp	pdf	other
samples/re-02-space-count-empty-hancom.hwp::pdf/re-02-space-count-empty-hancom-2022.pdf	samples/re-02-space-count-empty-hancom.hwp	pdf/re-02-space-count-empty-hancom-2022.pdf	re-02-space-count-empty-hancom	2022	2022	hwp	pdf	blank
samples/re-02-space-count-hancom.hwp::pdf/re-02-space-count-hancom-2022.pdf	samples/re-02-space-count-hancom.hwp	pdf/re-02-space-count-hancom-2022.pdf	re-02-space-count-hancom	2022	2022	hwp	pdf	other
samples/re-03-latin-only-empty-hancom.hwp::pdf/re-03-latin-only-empty-hancom-2022.pdf	samples/re-03-latin-only-empty-hancom.hwp	pdf/re-03-latin-only-empty-hancom-2022.pdf	re-03-latin-only-empty-hancom	2022	2022	hwp	pdf	blank
samples/re-03-latin-only-hancom.hwp::pdf/re-03-latin-only-hancom-2022.pdf	samples/re-03-latin-only-hancom.hwp	pdf/re-03-latin-only-hancom-2022.pdf	re-03-latin-only-hancom	2022	2022	hwp	pdf	other
samples/re-04-digit-only-empty-hancom.hwp::pdf/re-04-digit-only-empty-hancom-2022.pdf	samples/re-04-digit-only-empty-hancom.hwp	pdf/re-04-digit-only-empty-hancom-2022.pdf	re-04-digit-only-empty-hancom	2022	2022	hwp	pdf	blank
samples/re-04-digit-only-hancom.hwp::pdf/re-04-digit-only-hancom-2022.pdf	samples/re-04-digit-only-hancom.hwp	pdf/re-04-digit-only-hancom-2022.pdf	re-04-digit-only-hancom	2022	2022	hwp	pdf	other
samples/re-05-mixed-koen-empty-hancom.hwp::pdf/re-05-mixed-koen-empty-hancom-2022.pdf	samples/re-05-mixed-koen-empty-hancom.hwp	pdf/re-05-mixed-koen-empty-hancom-2022.pdf	re-05-mixed-koen-empty-hancom	2022	2022	hwp	pdf	blank
samples/re-05-mixed-koen-hancom.hwp::pdf/re-05-mixed-koen-hancom-2022.pdf	samples/re-05-mixed-koen-hancom.hwp	pdf/re-05-mixed-koen-hancom-2022.pdf	re-05-mixed-koen-hancom	2022	2022	hwp	pdf	other
samples/re-06-punctuation-empty-hancom.hwp::pdf/re-06-punctuation-empty-hancom-2022.pdf	samples/re-06-punctuation-empty-hancom.hwp	pdf/re-06-punctuation-empty-hancom-2022.pdf	re-06-punctuation-empty-hancom	2022	2022	hwp	pdf	blank
samples/re-06-punctuation-hancom.hwp::pdf/re-06-punctuation-hancom-2022.pdf	samples/re-06-punctuation-hancom.hwp	pdf/re-06-punctuation-hancom-2022.pdf	re-06-punctuation-hancom	2022	2022	hwp	pdf	other
samples/re-align-center-empty-hancom.hwp::pdf/re-align-center-empty-hancom-2022.pdf	samples/re-align-center-empty-hancom.hwp	pdf/re-align-center-empty-hancom-2022.pdf	re-align-center-empty-hancom	2022	2022	hwp	pdf	blank
samples/re-align-center-hancom.hwp::pdf/re-align-center-hancom-2022.pdf	samples/re-align-center-hancom.hwp	pdf/re-align-center-hancom-2022.pdf	re-align-center-hancom	2022	2022	hwp	pdf	other
samples/re-align-justify-empty-hancom.hwp::pdf/re-align-justify-empty-hancom-2022.pdf	samples/re-align-justify-empty-hancom.hwp	pdf/re-align-justify-empty-hancom-2022.pdf	re-align-justify-empty-hancom	2022	2022	hwp	pdf	blank
samples/re-align-justify-hancom.hwp::pdf/re-align-justify-hancom-2022.pdf	samples/re-align-justify-hancom.hwp	pdf/re-align-justify-hancom-2022.pdf	re-align-justify-hancom	2022	2022	hwp	pdf	other
samples/re-align-left-empty-hancom.hwp::pdf/re-align-left-empty-hancom-2022.pdf	samples/re-align-left-empty-hancom.hwp	pdf/re-align-left-empty-hancom-2022.pdf	re-align-left-empty-hancom	2022	2022	hwp	pdf	blank
samples/re-align-left-hancom.hwp::pdf/re-align-left-hancom-2022.pdf	samples/re-align-left-hancom.hwp	pdf/re-align-left-hancom-2022.pdf	re-align-left-hancom	2022	2022	hwp	pdf	other
samples/re-align-right-empty-hancom.hwp::pdf/re-align-right-empty-hancom-2022.pdf	samples/re-align-right-empty-hancom.hwp	pdf/re-align-right-empty-hancom-2022.pdf	re-align-right-empty-hancom	2022	2022	hwp	pdf	blank
samples/re-align-right-hancom.hwp::pdf/re-align-right-hancom-2022.pdf	samples/re-align-right-hancom.hwp	pdf/re-align-right-hancom-2022.pdf	re-align-right-hancom	2022	2022	hwp	pdf	other
samples/re-eng-mixed-batang-arial-empty-hancom.hwp::pdf/re-eng-mixed-batang-arial-empty-hancom-2022.pdf	samples/re-eng-mixed-batang-arial-empty-hancom.hwp	pdf/re-eng-mixed-batang-arial-empty-hancom-2022.pdf	re-eng-mixed-batang-arial-empty-hancom	2022	2022	hwp	pdf	blank
samples/re-eng-mixed-batang-empty-hancom.hwp::pdf/re-eng-mixed-batang-empty-hancom-2022.pdf	samples/re-eng-mixed-batang-empty-hancom.hwp	pdf/re-eng-mixed-batang-empty-hancom-2022.pdf	re-eng-mixed-batang-empty-hancom	2022	2022	hwp	pdf	blank
samples/re-eng-mixed-batangche-empty-hancom.hwp::pdf/re-eng-mixed-batangche-empty-hancom-2022.pdf	samples/re-eng-mixed-batangche-empty-hancom.hwp	pdf/re-eng-mixed-batangche-empty-hancom-2022.pdf	re-eng-mixed-batangche-empty-hancom	2022	2022	hwp	pdf	blank
samples/re-eng-mixed-dotum-empty-hancom.hwp::pdf/re-eng-mixed-dotum-empty-hancom-2022.pdf	samples/re-eng-mixed-dotum-empty-hancom.hwp	pdf/re-eng-mixed-dotum-empty-hancom-2022.pdf	re-eng-mixed-dotum-empty-hancom	2022	2022	hwp	pdf	blank
samples/re-eng-mixed-dotum-times-empty-hancom.hwp::pdf/re-eng-mixed-dotum-times-empty-hancom-2022.pdf	samples/re-eng-mixed-dotum-times-empty-hancom.hwp	pdf/re-eng-mixed-dotum-times-empty-hancom-2022.pdf	re-eng-mixed-dotum-times-empty-hancom	2022	2022	hwp	pdf	blank
samples/re-eng-mixed-malgun-courier-empty-hancom.hwp::pdf/re-eng-mixed-malgun-courier-empty-hancom-2022.pdf	samples/re-eng-mixed-malgun-courier-empty-hancom.hwp	pdf/re-eng-mixed-malgun-courier-empty-hancom-2022.pdf	re-eng-mixed-malgun-courier-empty-hancom	2022	2022	hwp	pdf	blank
samples/re-eng-mixed-malgun-empty-hancom.hwp::pdf/re-eng-mixed-malgun-empty-hancom-2022.pdf	samples/re-eng-mixed-malgun-empty-hancom.hwp	pdf/re-eng-mixed-malgun-empty-hancom-2022.pdf	re-eng-mixed-malgun-empty-hancom	2022	2022	hwp	pdf	blank
samples/re-eng-mixed-malgun-times-empty-hancom.hwp::pdf/re-eng-mixed-malgun-times-empty-hancom-2022.pdf	samples/re-eng-mixed-malgun-times-empty-hancom.hwp	pdf/re-eng-mixed-malgun-times-empty-hancom-2022.pdf	re-eng-mixed-malgun-times-empty-hancom	2022	2022	hwp	pdf	blank
samples/re-eng-nospace-batang-arial-empty-hancom.hwp::pdf/re-eng-nospace-batang-arial-empty-hancom-2022.pdf	samples/re-eng-nospace-batang-arial-empty-hancom.hwp	pdf/re-eng-nospace-batang-arial-empty-hancom-2022.pdf	re-eng-nospace-batang-arial-empty-hancom	2022	2022	hwp	pdf	blank
samples/re-eng-nospace-batang-empty-hancom.hwp::pdf/re-eng-nospace-batang-empty-hancom-2022.pdf	samples/re-eng-nospace-batang-empty-hancom.hwp	pdf/re-eng-nospace-batang-empty-hancom-2022.pdf	re-eng-nospace-batang-empty-hancom	2022	2022	hwp	pdf	blank
samples/re-eng-nospace-batangche-empty-hancom.hwp::pdf/re-eng-nospace-batangche-empty-hancom-2022.pdf	samples/re-eng-nospace-batangche-empty-hancom.hwp	pdf/re-eng-nospace-batangche-empty-hancom-2022.pdf	re-eng-nospace-batangche-empty-hancom	2022	2022	hwp	pdf	blank
samples/re-eng-nospace-dotum-empty-hancom.hwp::pdf/re-eng-nospace-dotum-empty-hancom-2022.pdf	samples/re-eng-nospace-dotum-empty-hancom.hwp	pdf/re-eng-nospace-dotum-empty-hancom-2022.pdf	re-eng-nospace-dotum-empty-hancom	2022	2022	hwp	pdf	blank
samples/re-eng-nospace-dotum-times-empty-hancom.hwp::pdf/re-eng-nospace-dotum-times-empty-hancom-2022.pdf	samples/re-eng-nospace-dotum-times-empty-hancom.hwp	pdf/re-eng-nospace-dotum-times-empty-hancom-2022.pdf	re-eng-nospace-dotum-times-empty-hancom	2022	2022	hwp	pdf	blank
samples/re-eng-nospace-malgun-courier-empty-hancom.hwp::pdf/re-eng-nospace-malgun-courier-empty-hancom-2022.pdf	samples/re-eng-nospace-malgun-courier-empty-hancom.hwp	pdf/re-eng-nospace-malgun-courier-empty-hancom-2022.pdf	re-eng-nospace-malgun-courier-empty-hancom	2022	2022	hwp	pdf	blank
samples/re-eng-nospace-malgun-empty-hancom.hwp::pdf/re-eng-nospace-malgun-empty-hancom-2022.pdf	samples/re-eng-nospace-malgun-empty-hancom.hwp	pdf/re-eng-nospace-malgun-empty-hancom-2022.pdf	re-eng-nospace-malgun-empty-hancom	2022	2022	hwp	pdf	blank
samples/re-eng-nospace-malgun-times-empty-hancom.hwp::pdf/re-eng-nospace-malgun-times-empty-hancom-2022.pdf	samples/re-eng-nospace-malgun-times-empty-hancom.hwp	pdf/re-eng-nospace-malgun-times-empty-hancom-2022.pdf	re-eng-nospace-malgun-times-empty-hancom	2022	2022	hwp	pdf	blank
samples/re-eng-words-batang-arial-empty-hancom.hwp::pdf/re-eng-words-batang-arial-empty-hancom-2022.pdf	samples/re-eng-words-batang-arial-empty-hancom.hwp	pdf/re-eng-words-batang-arial-empty-hancom-2022.pdf	re-eng-words-batang-arial-empty-hancom	2022	2022	hwp	pdf	blank
samples/re-eng-words-batang-empty-hancom.hwp::pdf/re-eng-words-batang-empty-hancom-2022.pdf	samples/re-eng-words-batang-empty-hancom.hwp	pdf/re-eng-words-batang-empty-hancom-2022.pdf	re-eng-words-batang-empty-hancom	2022	2022	hwp	pdf	blank
samples/re-eng-words-batangche-empty-hancom.hwp::pdf/re-eng-words-batangche-empty-hancom-2022.pdf	samples/re-eng-words-batangche-empty-hancom.hwp	pdf/re-eng-words-batangche-empty-hancom-2022.pdf	re-eng-words-batangche-empty-hancom	2022	2022	hwp	pdf	blank
samples/re-eng-words-dotum-empty-hancom.hwp::pdf/re-eng-words-dotum-empty-hancom-2022.pdf	samples/re-eng-words-dotum-empty-hancom.hwp	pdf/re-eng-words-dotum-empty-hancom-2022.pdf	re-eng-words-dotum-empty-hancom	2022	2022	hwp	pdf	blank
samples/re-eng-words-dotum-times-empty-hancom.hwp::pdf/re-eng-words-dotum-times-empty-hancom-2022.pdf	samples/re-eng-words-dotum-times-empty-hancom.hwp	pdf/re-eng-words-dotum-times-empty-hancom-2022.pdf	re-eng-words-dotum-times-empty-hancom	2022	2022	hwp	pdf	blank
samples/re-eng-words-malgun-courier-empty-hancom.hwp::pdf/re-eng-words-malgun-courier-empty-hancom-2022.pdf	samples/re-eng-words-malgun-courier-empty-hancom.hwp	pdf/re-eng-words-malgun-courier-empty-hancom-2022.pdf	re-eng-words-malgun-courier-empty-hancom	2022	2022	hwp	pdf	blank
samples/re-eng-words-malgun-empty-hancom.hwp::pdf/re-eng-words-malgun-empty-hancom-2022.pdf	samples/re-eng-words-malgun-empty-hancom.hwp	pdf/re-eng-words-malgun-empty-hancom-2022.pdf	re-eng-words-malgun-empty-hancom	2022	2022	hwp	pdf	blank
samples/re-eng-words-malgun-times-empty-hancom.hwp::pdf/re-eng-words-malgun-times-empty-hancom-2022.pdf	samples/re-eng-words-malgun-times-empty-hancom.hwp	pdf/re-eng-words-malgun-times-empty-hancom-2022.pdf	re-eng-words-malgun-times-empty-hancom	2022	2022	hwp	pdf	blank
samples/re-font-batang-empty-hancom.hwp::pdf/re-font-batang-empty-hancom-2022.pdf	samples/re-font-batang-empty-hancom.hwp	pdf/re-font-batang-empty-hancom-2022.pdf	re-font-batang-empty-hancom	2022	2022	hwp	pdf	blank
samples/re-font-batang-hancom.hwp::pdf/re-font-batang-hancom-2022.pdf	samples/re-font-batang-hancom.hwp	pdf/re-font-batang-hancom-2022.pdf	re-font-batang-hancom	2022	2022	hwp	pdf	other
samples/re-font-batangche-empty-hancom.hwp::pdf/re-font-batangche-empty-hancom-2022.pdf	samples/re-font-batangche-empty-hancom.hwp	pdf/re-font-batangche-empty-hancom-2022.pdf	re-font-batangche-empty-hancom	2022	2022	hwp	pdf	blank
samples/re-font-batangche-hancom.hwp::pdf/re-font-batangche-hancom-2022.pdf	samples/re-font-batangche-hancom.hwp	pdf/re-font-batangche-hancom-2022.pdf	re-font-batangche-hancom	2022	2022	hwp	pdf	other
samples/re-font-dotum-empty-hancom.hwp::pdf/re-font-dotum-empty-hancom-2022.pdf	samples/re-font-dotum-empty-hancom.hwp	pdf/re-font-dotum-empty-hancom-2022.pdf	re-font-dotum-empty-hancom	2022	2022	hwp	pdf	blank
samples/re-font-dotum-hancom.hwp::pdf/re-font-dotum-hancom-2022.pdf	samples/re-font-dotum-hancom.hwp	pdf/re-font-dotum-hancom-2022.pdf	re-font-dotum-hancom	2022	2022	hwp	pdf	other
samples/re-font-dotumche-empty-hancom.hwp::pdf/re-font-dotumche-empty-hancom-2022.pdf	samples/re-font-dotumche-empty-hancom.hwp	pdf/re-font-dotumche-empty-hancom-2022.pdf	re-font-dotumche-empty-hancom	2022	2022	hwp	pdf	blank
samples/re-font-dotumche-hancom.hwp::pdf/re-font-dotumche-hancom-2022.pdf	samples/re-font-dotumche-hancom.hwp	pdf/re-font-dotumche-hancom-2022.pdf	re-font-dotumche-hancom	2022	2022	hwp	pdf	other
samples/re-font-gulim-empty-hancom.hwp::pdf/re-font-gulim-empty-hancom-2022.pdf	samples/re-font-gulim-empty-hancom.hwp	pdf/re-font-gulim-empty-hancom-2022.pdf	re-font-gulim-empty-hancom	2022	2022	hwp	pdf	blank
samples/re-font-gulim-hancom.hwp::pdf/re-font-gulim-hancom-2022.pdf	samples/re-font-gulim-hancom.hwp	pdf/re-font-gulim-hancom-2022.pdf	re-font-gulim-hancom	2022	2022	hwp	pdf	other
samples/re-font-gulimche-empty-hancom.hwp::pdf/re-font-gulimche-empty-hancom-2022.pdf	samples/re-font-gulimche-empty-hancom.hwp	pdf/re-font-gulimche-empty-hancom-2022.pdf	re-font-gulimche-empty-hancom	2022	2022	hwp	pdf	blank
samples/re-font-gulimche-hancom.hwp::pdf/re-font-gulimche-hancom-2022.pdf	samples/re-font-gulimche-hancom.hwp	pdf/re-font-gulimche-hancom-2022.pdf	re-font-gulimche-hancom	2022	2022	hwp	pdf	other
samples/re-font-malgun-empty-hancom.hwp::pdf/re-font-malgun-empty-hancom-2022.pdf	samples/re-font-malgun-empty-hancom.hwp	pdf/re-font-malgun-empty-hancom-2022.pdf	re-font-malgun-empty-hancom	2022	2022	hwp	pdf	blank
samples/re-font-malgun-hancom.hwp::pdf/re-font-malgun-hancom-2022.pdf	samples/re-font-malgun-hancom.hwp	pdf/re-font-malgun-hancom-2022.pdf	re-font-malgun-hancom	2022	2022	hwp	pdf	other
samples/re-mixed-0tr-empty-hancom.hwp::pdf/re-mixed-0tr-empty-hancom-2022.pdf	samples/re-mixed-0tr-empty-hancom.hwp	pdf/re-mixed-0tr-empty-hancom-2022.pdf	re-mixed-0tr-empty-hancom	2022	2022	hwp	pdf	blank
samples/re-mixed-1tr-empty-hancom.hwp::pdf/re-mixed-1tr-empty-hancom-2022.pdf	samples/re-mixed-1tr-empty-hancom.hwp	pdf/re-mixed-1tr-empty-hancom-2022.pdf	re-mixed-1tr-empty-hancom	2022	2022	hwp	pdf	blank
samples/re-mixed-2tr-empty-hancom.hwp::pdf/re-mixed-2tr-empty-hancom-2022.pdf	samples/re-mixed-2tr-empty-hancom.hwp	pdf/re-mixed-2tr-empty-hancom-2022.pdf	re-mixed-2tr-empty-hancom	2022	2022	hwp	pdf	blank
samples/re-mixed-malgun-timesnew-hancom.hwp::pdf/re-mixed-malgun-timesnew-hancom-2022.pdf	samples/re-mixed-malgun-timesnew-hancom.hwp	pdf/re-mixed-malgun-timesnew-hancom-2022.pdf	re-mixed-malgun-timesnew-hancom	2022	2022	hwp	pdf	other
samples/re-multisize-10-10-empty-hancom.hwp::pdf/re-multisize-10-10-empty-hancom-2022.pdf	samples/re-multisize-10-10-empty-hancom.hwp	pdf/re-multisize-10-10-empty-hancom-2022.pdf	re-multisize-10-10-empty-hancom	2022	2022	hwp	pdf	blank
samples/re-multisize-10-20-empty-hancom.hwp::pdf/re-multisize-10-20-empty-hancom-2022.pdf	samples/re-multisize-10-20-empty-hancom.hwp	pdf/re-multisize-10-20-empty-hancom-2022.pdf	re-multisize-10-20-empty-hancom	2022	2022	hwp	pdf	blank
samples/re-multisize-8-14-empty-hancom.hwp::pdf/re-multisize-8-14-empty-hancom-2022.pdf	samples/re-multisize-8-14-empty-hancom.hwp	pdf/re-multisize-8-14-empty-hancom-2022.pdf	re-multisize-8-14-empty-hancom	2022	2022	hwp	pdf	blank
samples/rowbreak-problem-pages.hwp::pdf/rowbreak-problem-pages-2024.pdf	samples/rowbreak-problem-pages.hwp	pdf/rowbreak-problem-pages-2024.pdf	rowbreak-problem-pages	2024	2024	hwp	pdf	other
samples/rowbreak-problem-pages.hwpx::pdf/rowbreak-problem-pages-2024.pdf	samples/rowbreak-problem-pages.hwpx	pdf/rowbreak-problem-pages-2024.pdf	rowbreak-problem-pages	2024	2024	hwpx	pdf	other
samples/shape-group-02.hwp::pdf/shape-group-02-2022.pdf	samples/shape-group-02.hwp	pdf/shape-group-02-2022.pdf	shape-group-02	2022	2022	hwp	pdf	shape
samples/shift-return.hwp::pdf/shift-return-2022.pdf	samples/shift-return.hwp	pdf/shift-return-2022.pdf	shift-return	2022	2022	hwp	pdf	other
samples/SO-SUEOP.hwp::pdf/SO-SUEOP-2024.pdf	samples/SO-SUEOP.hwp	pdf/SO-SUEOP-2024.pdf	SO-SUEOP	2024	2024	hwp	pdf	other
samples/SO-SUEOP.hwpx::pdf/SO-SUEOP-2024.pdf	samples/SO-SUEOP.hwpx	pdf/SO-SUEOP-2024.pdf	SO-SUEOP	2024	2024	hwpx	pdf	other
samples/synam-001.hwp::pdf/synam-001-2022.pdf	samples/synam-001.hwp	pdf/synam-001-2022.pdf	synam-001	2022	2022	hwp	pdf	other
samples/ta-pic-001-r-쪽영역안제한.hwp::pdf/ta-pic-001-r-쪽영역안제한-2024.pdf	samples/ta-pic-001-r-쪽영역안제한.hwp	pdf/ta-pic-001-r-쪽영역안제한-2024.pdf	ta-pic-001-r-쪽영역안제한	2024	2024	hwp	pdf	other
samples/ta-pic-001-r-쪽영역안제한.hwpx::pdf/ta-pic-001-r-쪽영역안제한-2024.pdf	samples/ta-pic-001-r-쪽영역안제한.hwpx	pdf/ta-pic-001-r-쪽영역안제한-2024.pdf	ta-pic-001-r-쪽영역안제한	2024	2024	hwpx	pdf	other
samples/ta-pic-001-r-쪽영역안제한no.hwp::pdf/ta-pic-001-r-쪽영역안제한no-2024.pdf	samples/ta-pic-001-r-쪽영역안제한no.hwp	pdf/ta-pic-001-r-쪽영역안제한no-2024.pdf	ta-pic-001-r-쪽영역안제한no	2024	2024	hwp	pdf	other
samples/ta-pic-001-r-쪽영역안제한no.hwpx::pdf/ta-pic-001-r-쪽영역안제한no-2024.pdf	samples/ta-pic-001-r-쪽영역안제한no.hwpx	pdf/ta-pic-001-r-쪽영역안제한no-2024.pdf	ta-pic-001-r-쪽영역안제한no	2024	2024	hwpx	pdf	other
samples/table-001.hwp::pdf/table-001-2022.pdf	samples/table-001.hwp	pdf/table-001-2022.pdf	table-001	2022	2022	hwp	pdf	table
samples/table-004.hwp::pdf/table-004-2022.pdf	samples/table-004.hwp	pdf/table-004-2022.pdf	table-004	2022	2022	hwp	pdf	table
samples/table-complex.hwp::pdf/table-complex-2022.pdf	samples/table-complex.hwp	pdf/table-complex-2022.pdf	table-complex	2022	2022	hwp	pdf	table
samples/table-in-tbox.hwp::pdf/table-in-tbox-2022.pdf	samples/table-in-tbox.hwp	pdf/table-in-tbox-2022.pdf	table-in-tbox	2022	2022	hwp	pdf	table
samples/table-ipc.hwp::pdf/table-ipc-2022.pdf	samples/table-ipc.hwp	pdf/table-ipc-2022.pdf	table-ipc	2022	2022	hwp	pdf	table
samples/table-vpos-01.hwp::pdf/table-vpos-01-2022.pdf	samples/table-vpos-01.hwp	pdf/table-vpos-01-2022.pdf	table-vpos-01	2022	2022	hwp	pdf	table
samples/table-vpos-01.hwpx::pdf/table-vpos-01-2022.pdf	samples/table-vpos-01.hwpx	pdf/table-vpos-01-2022.pdf	table-vpos-01	2022	2022	hwpx	pdf	table
samples/table_giant_cell_overfill.hwpx::pdf/table_giant_cell_overfill-2024.pdf	samples/table_giant_cell_overfill.hwpx	pdf/table_giant_cell_overfill-2024.pdf	table_giant_cell_overfill	2024	2024	hwpx	pdf	table
samples/table_scattered_header_rowbreak.hwp::pdf/table_scattered_header_rowbreak-2024.pdf	samples/table_scattered_header_rowbreak.hwp	pdf/table_scattered_header_rowbreak-2024.pdf	table_scattered_header_rowbreak	2024	2024	hwp	pdf	table
samples/table_text_anchor_wrap.hwpx::pdf/table_text_anchor_wrap-2024.pdf	samples/table_text_anchor_wrap.hwpx	pdf/table_text_anchor_wrap-2024.pdf	table_text_anchor_wrap	2024	2024	hwpx	pdf	table
samples/tac-case-001.hwp::pdf/tac-case-001-2022.pdf	samples/tac-case-001.hwp	pdf/tac-case-001-2022.pdf	tac-case-001	2022	2022	hwp	pdf	other
samples/tac-case-002.hwp::pdf/tac-case-002-2022.pdf	samples/tac-case-002.hwp	pdf/tac-case-002-2022.pdf	tac-case-002	2022	2022	hwp	pdf	other
samples/tac-case-003.hwp::pdf/tac-case-003-2022.pdf	samples/tac-case-003.hwp	pdf/tac-case-003-2022.pdf	tac-case-003	2022	2022	hwp	pdf	other
samples/tac-case-004.hwp::pdf/tac-case-004-2022.pdf	samples/tac-case-004.hwp	pdf/tac-case-004-2022.pdf	tac-case-004	2022	2022	hwp	pdf	other
samples/tac-case-005.hwp::pdf/tac-case-005-2022.pdf	samples/tac-case-005.hwp	pdf/tac-case-005-2022.pdf	tac-case-005	2022	2022	hwp	pdf	other
samples/tac-img-02.hwp::pdf/tac-img-02-2022.pdf	samples/tac-img-02.hwp	pdf/tac-img-02-2022.pdf	tac-img-02	2022	2022	hwp	pdf	other
samples/tac-img-02.hwpx::pdf/tac-img-02-2022.pdf	samples/tac-img-02.hwpx	pdf/tac-img-02-2022.pdf	tac-img-02	2022	2022	hwpx	pdf	other
samples/task-001.hwp::pdf/task-001-2022.pdf	samples/task-001.hwp	pdf/task-001-2022.pdf	task-001	2022	2022	hwp	pdf	other
samples/task2070/1130000-201900011_D0150004-1-002_2017년기준 시장구조조사.hwp::pdf/task2070/1130000-201900011_D0150004-1-002_2017년기준 시장구조조사-2022.pdf	samples/task2070/1130000-201900011_D0150004-1-002_2017년기준 시장구조조사.hwp	pdf/task2070/1130000-201900011_D0150004-1-002_2017년기준 시장구조조사-2022.pdf	1130000-201900011_D0150004-1-002_2017년기준 시장구조조사	2022	2022	hwp	pdf	dir:task2070
samples/task2093/1192000_hydrogen_policy_research.hwp::pdf/task2093/1192000_hydrogen_policy_research-2022.pdf	samples/task2093/1192000_hydrogen_policy_research.hwp	pdf/task2093/1192000_hydrogen_policy_research-2022.pdf	1192000_hydrogen_policy_research	2022	2022	hwp	pdf	dir:task2093
samples/task2093/saved_single_line_spacing_after.hwpx::pdf/task2093/saved_single_line_spacing_after-2022.pdf	samples/task2093/saved_single_line_spacing_after.hwpx	pdf/task2093/saved_single_line_spacing_after-2022.pdf	saved_single_line_spacing_after	2022	2022	hwpx	pdf	dir:task2093
samples/task2093/saved_single_line_spacing_after.hwpx::pdf/task2093/saved_single_line_spacing_after-2020.pdf	samples/task2093/saved_single_line_spacing_after.hwpx	pdf/task2093/saved_single_line_spacing_after-2020.pdf	saved_single_line_spacing_after	2020	2020	hwpx	pdf	dir:task2093
samples/task2097/1730000_selection_report.hwp::pdf/task2097/1730000_selection_report-2022.pdf	samples/task2097/1730000_selection_report.hwp	pdf/task2097/1730000_selection_report-2022.pdf	1730000_selection_report	2022	2022	hwp	pdf	dir:task2097
samples/task2097/1741000_project_application.hwp::pdf/task2097/1741000_project_application-2020.pdf	samples/task2097/1741000_project_application.hwp	pdf/task2097/1741000_project_application-2020.pdf	1741000_project_application	2020	2020	hwp	pdf	dir:task2097
samples/task2097/21298295_byeolpyo5_disaster.hwp::pdf/task2097/21298295_byeolpyo5_disaster-2020.pdf	samples/task2097/21298295_byeolpyo5_disaster.hwp	pdf/task2097/21298295_byeolpyo5_disaster-2020.pdf	21298295_byeolpyo5_disaster	2020	2020	hwp	pdf	schedule
samples/task2097/3080901_pii_ledger.hwp::pdf/task2097/3080901_pii_ledger-2022.pdf	samples/task2097/3080901_pii_ledger.hwp	pdf/task2097/3080901_pii_ledger-2022.pdf	3080901_pii_ledger	2022	2022	hwp	pdf	dir:task2097
samples/task2097/75544_pii_bunseok.hwpx::pdf/task2097/75544_pii_bunseok-2020.pdf	samples/task2097/75544_pii_bunseok.hwpx	pdf/task2097/75544_pii_bunseok-2020.pdf	75544_pii_bunseok	2020	2020	hwpx	pdf	dir:task2097
samples/task2097/none_table_declared_fits.hwpx::pdf/task2097/none_table_declared_fits-2022.pdf	samples/task2097/none_table_declared_fits.hwpx	pdf/task2097/none_table_declared_fits-2022.pdf	none_table_declared_fits	2022	2022	hwpx	pdf	table
samples/task2097/none_table_declared_fits.hwpx::pdf/task2097/none_table_declared_fits-2020.pdf	samples/task2097/none_table_declared_fits.hwpx	pdf/task2097/none_table_declared_fits-2020.pdf	none_table_declared_fits	2020	2020	hwpx	pdf	table
samples/task2098/page_bottom_fixed_anchor_margin_split.hwpx::pdf/task2098/page_bottom_fixed_anchor_margin_split-2020.pdf	samples/task2098/page_bottom_fixed_anchor_margin_split.hwpx	pdf/task2098/page_bottom_fixed_anchor_margin_split-2020.pdf	page_bottom_fixed_anchor_margin_split	2020	2020	hwpx	pdf	dir:task2098
samples/task2098/page_bottom_fixed_anchor_vpos0.hwpx::pdf/task2098/page_bottom_fixed_anchor_vpos0-2020.pdf	samples/task2098/page_bottom_fixed_anchor_vpos0.hwpx	pdf/task2098/page_bottom_fixed_anchor_vpos0-2020.pdf	page_bottom_fixed_anchor_vpos0	2020	2020	hwpx	pdf	dir:task2098
samples/task2136/neartop_reset_sb2500.hwpx::pdf/task2136/neartop_reset_sb2500-2020.pdf	samples/task2136/neartop_reset_sb2500.hwpx	pdf/task2136/neartop_reset_sb2500-2020.pdf	neartop_reset_sb2500	2020	2020	hwpx	pdf	dir:task2136
samples/task2137/156618554_petfood_press.hwp::pdf/task2137/156618554_petfood_press-2020.pdf	samples/task2137/156618554_petfood_press.hwp	pdf/task2137/156618554_petfood_press-2020.pdf	156618554_petfood_press	2020	2020	hwp	pdf	dir:task2137
samples/task2146/21761835_jeonjik_exemption_table.hwp::pdf/task2146/21761835_jeonjik_exemption_table-2020.pdf	samples/task2146/21761835_jeonjik_exemption_table.hwp	pdf/task2146/21761835_jeonjik_exemption_table-2020.pdf	21761835_jeonjik_exemption_table	2020	2020	hwp	pdf	table
samples/task2243/156631374_taxi_press.hwpx::pdf/task2243/156631374_taxi_press-2020.pdf	samples/task2243/156631374_taxi_press.hwpx	pdf/task2243/156631374_taxi_press-2020.pdf	156631374_taxi_press	2020	2020	hwpx	pdf	dir:task2243
samples/task2243/36382819_gyeoljae_pm_traffic.hwpx::pdf/task2243/36382819_gyeoljae_pm_traffic-2020.pdf	samples/task2243/36382819_gyeoljae_pm_traffic.hwpx	pdf/task2243/36382819_gyeoljae_pm_traffic-2020.pdf	36382819_gyeoljae_pm_traffic	2020	2020	hwpx	pdf	dir:task2243
samples/task2243/36386907_gyeoljae_sewoon.hwpx::pdf/task2243/36386907_gyeoljae_sewoon-2020.pdf	samples/task2243/36386907_gyeoljae_sewoon.hwpx	pdf/task2243/36386907_gyeoljae_sewoon-2020.pdf	36386907_gyeoljae_sewoon	2020	2020	hwpx	pdf	dir:task2243
samples/task2243/36395325_gyeoljae_consulting.hwpx::pdf/task2243/36395325_gyeoljae_consulting-2020.pdf	samples/task2243/36395325_gyeoljae_consulting.hwpx	pdf/task2243/36395325_gyeoljae_consulting-2020.pdf	36395325_gyeoljae_consulting	2020	2020	hwpx	pdf	dir:task2243
samples/task2287/1342000_edu_curriculum_map.hwp::pdf/task2287/1342000_edu_curriculum_map-2022.pdf	samples/task2287/1342000_edu_curriculum_map.hwp	pdf/task2287/1342000_edu_curriculum_map-2022.pdf	1342000_edu_curriculum_map	2022	2022	hwp	pdf	dir:task2287
samples/task2287/1342000_edu_curriculum_map.hwp::pdf/task2287/1342000_edu_curriculum_map-2020-p025-p035.pdf	samples/task2287/1342000_edu_curriculum_map.hwp	pdf/task2287/1342000_edu_curriculum_map-2020-p025-p035.pdf	1342000_edu_curriculum_map	2020	2020-p025-p035	hwp	pdf	dir:task2287
samples/task3236/issue3236_split_table.hwpx::pdf/task3236/issue3236_split_table-2020.pdf	samples/task3236/issue3236_split_table.hwpx	pdf/task3236/issue3236_split_table-2020.pdf	issue3236_split_table	2020	2020	hwpx	pdf	table
samples/text-align-2.hwp::pdf/text-align-2-2022.pdf	samples/text-align-2.hwp	pdf/text-align-2-2022.pdf	text-align-2	2022	2022	hwp	pdf	other
samples/text-align.hwp::pdf/text-align-2022.pdf	samples/text-align.hwp	pdf/text-align-2022.pdf	text-align	2022	2022	hwp	pdf	other
samples/누름틀-2024.hwp::pdf/누름틀-2024.pdf	samples/누름틀-2024.hwp	pdf/누름틀-2024.pdf	누름틀-2024	2024	exact	hwp	pdf	other
samples/누름틀-2024.hwpx::pdf/누름틀-2024.pdf	samples/누름틀-2024.hwpx	pdf/누름틀-2024.pdf	누름틀-2024	2024	exact	hwpx	pdf	other
samples/대각선샘플.hwp::pdf/대각선샘플-2024.pdf	samples/대각선샘플.hwp	pdf/대각선샘플-2024.pdf	대각선샘플	2024	2024	hwp	pdf	other
samples/대각선샘플.hwpx::pdf/대각선샘플-2024.pdf	samples/대각선샘플.hwpx	pdf/대각선샘플-2024.pdf	대각선샘플	2024	2024	hwpx	pdf	other
samples/복학원서.hwp::pdf/복학원서-2022.pdf	samples/복학원서.hwp	pdf/복학원서-2022.pdf	복학원서	2022	2022	hwp	pdf	other
samples/복학원서.hwpx::pdf/복학원서-2022.pdf	samples/복학원서.hwpx	pdf/복학원서-2022.pdf	복학원서	2022	2022	hwpx	pdf	other
samples/셀보호2.hwp::pdf/셀보호2-2024.pdf	samples/셀보호2.hwp	pdf/셀보호2-2024.pdf	셀보호2	2024	2024	hwp	pdf	other
samples/셀보호2.hwpx::pdf/셀보호2-2024.pdf	samples/셀보호2.hwpx	pdf/셀보호2-2024.pdf	셀보호2	2024	2024	hwpx	pdf	other
samples/추진일정.hwp::pdf/추진일정-2024.pdf	samples/추진일정.hwp	pdf/추진일정-2024.pdf	추진일정	2024	2024	hwp	pdf	other
samples/추진일정.hwpx::pdf/추진일정-2024.pdf	samples/추진일정.hwpx	pdf/추진일정-2024.pdf	추진일정	2024	2024	hwpx	pdf	other
samples/통합재정통계(2010.11월).hwp::pdf/통합재정통계(2010.11월)-2022.pdf	samples/통합재정통계(2010.11월).hwp	pdf/통합재정통계(2010.11월)-2022.pdf	통합재정통계(2010.11월)	2022	2022	hwp	pdf	education
samples/통합재정통계(2011.10월).hwp::pdf/통합재정통계(2011.10월)-2022.pdf	samples/통합재정통계(2011.10월).hwp	pdf/통합재정통계(2011.10월)-2022.pdf	통합재정통계(2011.10월)	2022	2022	hwp	pdf	education
samples/통합재정통계(2014.8월).hwp::pdf/통합재정통계(2014.8월)-2022.pdf	samples/통합재정통계(2014.8월).hwp	pdf/통합재정통계(2014.8월)-2022.pdf	통합재정통계(2014.8월)	2022	2022	hwp	pdf	education
samples/표-텍스트.hwpx::pdf/표-텍스트-2022.pdf	samples/표-텍스트.hwpx	pdf/표-텍스트-2022.pdf	표-텍스트	2022	2022	hwpx	pdf	table
samples/한셀OLE.hwp::pdf/한셀OLE-2022.pdf	samples/한셀OLE.hwp	pdf/한셀OLE-2022.pdf	한셀OLE	2022	2022	hwp	pdf	other
samples/한셀OLE.hwpx::pdf/한셀OLE-2022.pdf	samples/한셀OLE.hwpx	pdf/한셀OLE-2022.pdf	한셀OLE	2022	2022	hwpx	pdf	other
