id	axis	form	filledCount	notFound	ambiguous	dryRun	exit
field-01-fill-plain	fill-fields	field-01	3	0	0	False	0
field-01-notfound	notFound	field-01	0	1	0	True	0
field-01-memo-fill-plain	fill-fields	field-01-memo	3	0	0	False	0
form-01-fill-plain	fill-fields	form-01	1	0	0	False	0
form-01-notfound	notFound	form-01	0	1	0	True	0
gian-1-fill-plain	fill-fields	gian-1	3	0	0	False	0
gian-1-notfound	notFound	gian-1	0	1	0	True	0
gian-2-fill-plain	fill-fields	gian-2	3	0	0	False	0
reg-80168-fill-plain	fill-fields	reg-80168	3	0	0	False	0
reg-80168-notfound	notFound	reg-80168	0	1	0	True	0
hongbo-fill-plain	fill-fields	hongbo	3	0	0	False	0
hongbo-notfound	notFound	hongbo	0	1	0	True	0
trip-apply-fill-plain	fill-fields	trip-apply	3	0	0	False	0
leave-apply-fill-plain	fill-fields	leave-apply	3	0	0	False	0
bokhak-fill-plain	fill-fields	bokhak	3	0	0	False	0
minwon-fill-plain	fill-fields	minwon	3	0	0	False	0
minutes-fill-plain	fill-fields	minutes	3	0	0	False	0
labor-contract-fill-plain	fill-fields	labor-contract	3	0	0	False	0
hr-card-fill-plain	fill-fields	hr-card	3	0	0	False	0
eval-sheet-fill-plain	fill-fields	eval-sheet	3	0	0	False	0
bid-fill-plain	fill-fields	bid	3	0	0	False	0
spend-fill-plain	fill-fields	spend	3	0	0	False	0
foi-fill-plain	fill-fields	foi	3	0	0	False	0
overtime-fill-plain	fill-fields	overtime	3	0	0	False	0
trip-settle-fill-plain	fill-fields	trip-settle	3	0	0	False	0
admin-appeal-fill-plain	fill-fields	admin-appeal	3	0	0	False	0
contract-fill-plain	fill-fields	contract	3	0	0	False	0
parental-leave-fill-plain	fill-fields	parental-leave	3	0	0	False	0
payroll-account-fill-plain	fill-fields	payroll-account	3	0	0	False	0
family-cert-fill-plain	fill-fields	family-cert	3	0	0	False	0
field-01-dry-run	dry-run	field-01	1	0	0	True	0
field-01-memo-dry-run	dry-run	field-01-memo	1	0	0	True	0
form-01-dry-run	dry-run	form-01	1	0	0	True	0
gian-1-dry-run	dry-run	gian-1	1	0	0	True	0
gian-2-dry-run	dry-run	gian-2	1	0	0	True	0
reg-80168-dry-run	dry-run	reg-80168	1	0	0	True	0
hongbo-dry-run	dry-run	hongbo	1	0	0	True	0
trip-apply-dry-run	dry-run	trip-apply	1	0	0	True	0
leave-apply-dry-run	dry-run	leave-apply	1	0	0	True	0
bokhak-dry-run	dry-run	bokhak	1	0	0	True	0
minwon-dry-run	dry-run	minwon	1	0	0	True	0
minutes-dry-run	dry-run	minutes	1	0	0	True	0
labor-contract-dry-run	dry-run	labor-contract	1	0	0	True	0
hr-card-dry-run	dry-run	hr-card	1	0	0	True	0
eval-sheet-dry-run	dry-run	eval-sheet	1	0	0	True	0
bid-dry-run	dry-run	bid	1	0	0	True	0
spend-dry-run	dry-run	spend	1	0	0	True	0
foi-dry-run	dry-run	foi	1	0	0	True	0
overtime-dry-run	dry-run	overtime	1	0	0	True	0
trip-settle-dry-run	dry-run	trip-settle	1	0	0	True	0
admin-appeal-dry-run	dry-run	admin-appeal	1	0	0	True	0
contract-dry-run	dry-run	contract	1	0	0	True	0
parental-leave-dry-run	dry-run	parental-leave	1	0	0	True	0
payroll-account-dry-run	dry-run	payroll-account	1	0	0	True	0
family-cert-dry-run	dry-run	family-cert	1	0	0	True	0
field-01-verify	verify	field-01	1	0	0	False	0
field-01-memo-verify	verify	field-01-memo	1	0	0	False	0
form-01-verify	verify	form-01	1	0	0	False	0
gian-1-verify	verify	gian-1	1	0	0	False	0
gian-2-verify	verify	gian-2	1	0	0	False	0
reg-80168-verify	verify	reg-80168	1	0	0	False	0
hongbo-verify	verify	hongbo	1	0	0	False	0
trip-apply-verify	verify	trip-apply	1	0	0	False	0
leave-apply-verify	verify	leave-apply	1	0	0	False	0
bokhak-verify	verify	bokhak	1	0	0	False	0
minwon-verify	verify	minwon	1	0	0	False	0
minutes-verify	verify	minutes	1	0	0	False	0
labor-contract-verify	verify	labor-contract	1	0	0	False	0
hr-card-verify	verify	hr-card	1	0	0	False	0
eval-sheet-verify	verify	eval-sheet	1	0	0	False	0
bid-verify	verify	bid	1	0	0	False	0
spend-verify	verify	spend	1	0	0	False	0
foi-verify	verify	foi	1	0	0	False	0
overtime-verify	verify	overtime	1	0	0	False	0
trip-settle-verify	verify	trip-settle	1	0	0	False	0
admin-appeal-verify	verify	admin-appeal	1	0	0	False	0
contract-verify	verify	contract	1	0	0	False	0
parental-leave-verify	verify	parental-leave	1	0	0	False	0
payroll-account-verify	verify	payroll-account	1	0	0	False	0
family-cert-verify	verify	family-cert	1	0	0	False	0
